Brand,Model,Price,Condition,Mileage,Year
Chevrolet,F-150,22586.05,Fair,48281,2017
Chevrolet,Civic,16318.75,Fair,133627,2019
Chevrolet,Altima,19255.55,Fair,14891,2022
Chevrolet,Civic,29481.7,Fair,30366,2011
Chevrolet,Altima,13049.8,Fair,139004,2022
Chevrolet,Altima,24186.6,Fair,76270,2014
Chevrolet,Camry,18119.3,Fair,97616,2019
Chevrolet,F-150,15377.6,Fair,132448,2020
Chevrolet,Silverado,26851.1,Fair,22980,2014
Chevrolet,Camry,24260.95,Fair,134783,2011
Chevrolet,Altima,18767.8,Fair,64646,2020
Chevrolet,Silverado,19836.55,Fair,63271,2019
Chevrolet,F-150,25679.2,Fair,26418,2015
Chevrolet,Civic,31274.7,Fair,14506,2010
Chevrolet,Camry,27044.1,Fair,39120,2013
Chevrolet,F-150,19938.2,Fair,81236,2018
Chevrolet,F-150,28499.75,Fair,50007,2011
Chevrolet,Altima,19677.8,Fair,86446,2018
Chevrolet,F-150,20551.25,Fair,68977,2018
Chevrolet,Camry,14462.95,Fair,130741,2021
Chevrolet,Civic,23697.3,Good,46054,2016
Chevrolet,Silverado,22526.55,Good,89471,2015
Chevrolet,Silverado,20565.15,Good,148697,2014
Chevrolet,F-150,27647.35,Good,87051,2010
Chevrolet,Silverado,17482.55,Good,70347,2021
Chevrolet,Civic,27587.65,Good,68245,2011
Chevrolet,F-150,26082.0,Good,98362,2011
Chevrolet,Altima,15258.95,Good,114819,2021
Chevrolet,Altima,24832.85,Good,143341,2010
Chevrolet,F-150,24699.35,Good,26015,2016
Chevrolet,F-150,28802.3,Good,63956,2010
Chevrolet,Camry,17688.65,Good,106227,2019
Chevrolet,Silverado,27034.65,Good,79307,2011
Chevrolet,Camry,27713.55,Good,65729,2011
Chevrolet,Silverado,20179.75,Good,116407,2016
Chevrolet,Civic,22666.25,Good,66677,2016
Chevrolet,Camry,21364.8,Good,52704,2018
Chevrolet,Camry,21254.2,Good,34918,2019
Chevrolet,Camry,27113.35,Good,97733,2010
Chevrolet,Civic,26655.35,Good,46895,2013
Chevrolet,F-150,15313.85,Good,133725,2020
Chevrolet,F-150,29634.95,Good,27303,2011
Chevrolet,Altima,22958.35,Good,120835,2013
Chevrolet,Altima,22519.45,Good,149613,2012
Chevrolet,Civic,14900.75,Good,121983,2021
Chevrolet,F-150,26312.1,Good,33760,2014
Chevrolet,Altima,21970.4,Good,40594,2018
Chevrolet,Camry,20512.25,Good,29755,2020
Chevrolet,Silverado,28653.1,Good,26940,2012
Chevrolet,Altima,27533.85,Good,69323,2011
Chevrolet,Civic,20924.6,Good,61510,2018
Chevrolet,Silverado,17528.05,Good,149439,2017
Chevrolet,Silverado,20742.25,Good,65155,2018
Chevrolet,Altima,15631.9,Good,87360,2022
Chevrolet,F-150,15827.7,Good,83446,2022
Chevrolet,Altima,23633.55,Good,87329,2014
Chevrolet,Civic,21327.15,Good,93459,2016
Chevrolet,Silverado,23344.55,Good,133111,2012
Chevrolet,Silverado,22667.7,Good,106646,2014
Chevrolet,Civic,25687.75,Good,66247,2013
Chevrolet,Camry,25159.05,Good,136821,2010
Chevrolet,F-150,14854.2,Good,122918,2021
Chevrolet,Civic,16898.2,Good,122038,2019
Chevrolet,Camry,17006.05,Good,79881,2021
Chevrolet,Silverado,20428.35,Good,111433,2016
Chevrolet,F-150,14698.3,Good,146032,2020
Chevrolet,F-150,25414.4,Good,11712,2016
Chevrolet,F-150,22532.15,Good,69357,2016
Chevrolet,F-150,22322.4,Good,13554,2019
Chevrolet,Altima,27519.2,Good,89618,2010
Chevrolet,Silverado,17162.15,Good,136757,2018
Chevrolet,Camry,16620.3,Good,107596,2020
Chevrolet,Altima,23187.75,Good,56247,2016
Chevrolet,Altima,26534.05,Good,109321,2010
Chevrolet,Silverado,24816.7,Good,83668,2013
Chevrolet,Camry,20710.65,Good,105787,2016
Chevrolet,Silverado,30850.4,Good,22994,2010
Chevrolet,F-150,26751.4,Good,44970,2013
Chevrolet,F-150,28028.0,Good,19440,2013
Chevrolet,Civic,16456.4,Good,70874,2022
Chevrolet,Civic,21105.55,Good,97889,2016
Chevrolet,F-150,18904.45,Good,101911,2018
Chevrolet,Civic,18719.7,Good,105608,2018
Chevrolet,Silverado,22719.05,Good,85619,2015
Chevrolet,Civic,22962.45,Good,100753,2014
Chevrolet,Civic,20340.25,Good,133193,2015
Chevrolet,Altima,15885.75,Good,122285,2020
Chevrolet,Altima,22450.8,Good,50986,2017
Chevrolet,Altima,16505.8,Good,69882,2022
Chevrolet,Civic,19821.85,Excellent,63565,2019
Chevrolet,Silverado,16125.65,Excellent,97489,2021
Chevrolet,Camry,25927.8,Excellent,121446,2010
Chevrolet,Camry,20926.8,Excellent,81466,2017
Chevrolet,Altima,23683.4,Excellent,106330,2013
Chevrolet,F-150,19810.75,Excellent,43785,2020
Chevrolet,Silverado,23894.1,Excellent,102118,2013
Chevrolet,Camry,22175.45,Excellent,16493,2019
Chevrolet,Altima,20688.2,Excellent,66236,2018
Chevrolet,Civic,21275.6,Excellent,14488,2020
Chevrolet,Silverado,19910.45,Excellent,141793,2015
Chevrolet,F-150,20819.45,Excellent,83613,2017
Chevrolet,Civic,29857.9,Excellent,22840,2011
Chevrolet,Civic,14328.45,Excellent,113433,2022
Chevrolet,Altima,31093.95,Excellent,18123,2010
Chevrolet,F-150,18210.1,Excellent,75798,2020
Chevrolet,Civic,18312.0,Excellent,73758,2020
Chevrolet,Altima,17117.65,Excellent,97649,2020
Chevrolet,Altima,22688.1,Excellent,126240,2013
Chevrolet,Camry,18335.05,Excellent,33301,2022
Chevrolet,F-150,25604.35,Excellent,127915,2010
Chevrolet,Civic,27211.1,Excellent,15780,2014
Chevrolet,Silverado,23510.85,Excellent,49785,2016
Chevrolet,F-150,27529.15,Excellent,29419,2013
Chevrolet,Altima,26481.1,Excellent,10380,2015
Chevrolet,Civic,21553.55,Excellent,48931,2018
Chevrolet,Civic,16188.95,Excellent,116223,2020
Chevrolet,F-150,24595.1,Excellent,128100,2011
Chevrolet,Altima,14551.3,Excellent,128974,2021
Chevrolet,Altima,18416.65,Excellent,51669,2021
Chevrolet,Civic,19801.5,Excellent,63972,2019
Chevrolet,Altima,24305.85,Excellent,73885,2014
Chevrolet,Camry,16617.45,Excellent,147651,2018
Chevrolet,Camry,27632.15,Excellent,47357,2012
Chevrolet,Camry,20625.95,Excellent,47483,2019
Chevrolet,F-150,18584.3,Excellent,48316,2021
Chevrolet,Camry,23449.85,Excellent,51005,2016
Chevrolet,Altima,25383.5,Excellent,112332,2011
Chevrolet,F-150,18875.2,Excellent,102496,2018
Chevrolet,F-150,18687.9,Excellent,26242,2022
Chevrolet,Silverado,29531.15,Excellent,29379,2011
Chevrolet,Camry,25325.5,Excellent,13492,2016
Chevrolet,Altima,23914.25,Excellent,21717,2017
Chevrolet,Altima,17703.95,Excellent,105923,2019
Chevrolet,F-150,20665.1,Excellent,46696,2019
Chevrolet,Altima,21099.3,Excellent,138012,2014
Chevrolet,Camry,29497.3,Excellent,50056,2010
Chevrolet,Camry,15670.4,Excellent,106594,2021
Chevrolet,Silverado,25769.05,Excellent,44619,2014
Chevrolet,Silverado,19469.45,Excellent,30611,2021
Chevrolet,Camry,21920.65,Excellent,121589,2014
Chevrolet,Silverado,25601.45,Excellent,27971,2015
Chevrolet,F-150,15871.9,Excellent,102564,2021
Chevrolet,Camry,27044.95,Excellent,99101,2010
Chevrolet,Camry,22406.65,Excellent,71865,2016
Chevrolet,F-150,22484.25,Excellent,70317,2016
Chevrolet,Silverado,20138.2,Excellent,37236,2020
Chevrolet,Silverado,16465.95,Excellent,130681,2019
Chevrolet,Camry,23883.4,Excellent,22334,2017
Chevrolet,Silverado,13702.85,Excellent,125945,2022
Chevrolet,F-150,29353.05,Excellent,52941,2010
Chevrolet,F-150,19607.55,Excellent,147849,2015
Chevrolet,Camry,17624.35,Excellent,127513,2018
Chevrolet,Silverado,22881.8,Excellent,42364,2017
Chevrolet,F-150,21659.15,Excellent,66819,2017
Chevrolet,Civic,20964.25,Excellent,120715,2015
Chevrolet,Altima,15714.2,Excellent,85718,2022
Chevrolet,Altima,26952.2,Excellent,100958,2010
Chevrolet,Camry,18397.6,Excellent,112050,2018
Chevrolet,Camry,28792.25,Excellent,64157,2010
Chevrolet,Camry,23201.05,Excellent,35981,2017
Chevrolet,Silverado,23398.9,Excellent,52022,2016
Chevrolet,Altima,15707.4,Excellent,125852,2020
Chevrolet,F-150,25520.85,Excellent,129583,2010
Chevrolet,Civic,25364.85,Excellent,52705,2014
Chevrolet,F-150,23856.1,Excellent,82880,2014
Chevrolet,F-150,18994.0,Excellent,40122,2021
Chevrolet,F-150,26925.45,Excellent,61491,2012
Chevrolet,Altima,21449.6,Excellent,51008,2018
Chevrolet,F-150,26525.55,Excellent,29491,2014
Chevrolet,Camry,24427.45,Excellent,71453,2014
Chevrolet,Silverado,26169.15,Excellent,116617,2010
Chevrolet,Civic,14611.0,Excellent,107782,2022
Chevrolet,Camry,14188.05,Excellent,136237,2021
Chevrolet,Civic,24163.1,Excellent,16738,2017
Chevrolet,Altima,23442.6,Excellent,91148,2014
Chevrolet,Camry,28016.25,Excellent,79677,2010
Chevrolet,Altima,14677.25,Excellent,146457,2020
Chevrolet,Altima,26396.6,Excellent,72070,2012
Chevrolet,Civic,27838.95,Excellent,63223,2011
Chevrolet,F-150,19253.5,Excellent,34932,2021
Chevrolet,Silverado,29861.7,Excellent,22768,2011
Chevrolet,Civic,22713.15,Excellent,45739,2017
Chevrolet,Silverado,16048.2,Excellent,119038,2020
Chevrolet,Civic,25410.35,Excellent,11795,2016
Chevrolet,Altima,14241.85,Excellent,135165,2021
Chevrolet,Camry,20800.35,Excellent,43995,2019
Chevrolet,Altima,19589.4,Excellent,148214,2015
Chevrolet,Altima,18540.1,Excellent,149200,2016
Chevrolet,Civic,16194.2,Excellent,96118,2021
Chevrolet,Altima,18305.65,Excellent,133889,2017
Chevrolet,Civic,17587.3,Excellent,148254,2017
Chevrolet,Camry,16985.8,Excellent,120286,2019
Chevrolet,Altima,25506.75,Excellent,49867,2014
Chevrolet,Civic,29208.8,Excellent,15826,2012
Chevrolet,Camry,19192.55,Excellent,96151,2018
Chevrolet,Civic,18772.75,Excellent,84547,2019
Chevrolet,Camry,23026.35,Excellent,19475,2018
Chevrolet,Altima,23667.15,Excellent,126659,2012
Chevrolet,Civic,17214.1,Excellent,95720,2020
Chevrolet,Altima,25482.3,Excellent,70354,2013
Chevrolet,Altima,29060.05,Excellent,38801,2011
Chevrolet,Camry,23299.35,Excellent,114013,2013
Chevrolet,Altima,18719.55,Excellent,125611,2017
Chevrolet,F-150,23323.95,Excellent,93523,2014
Chevrolet,Altima,21176.4,Excellent,56474,2018
Chevrolet,F-150,19192.65,Excellent,96149,2018
Chevrolet,Silverado,25602.85,Excellent,127943,2010
Chevrolet,Altima,23273.65,Excellent,74527,2015
Chevrolet,F-150,26969.7,Excellent,20608,2014
Ford,Camry,18064.85,Fair,38705,2022
Ford,Camry,26409.65,Fair,11809,2015
Ford,Camry,28067.75,Fair,38647,2012
Ford,Silverado,25969.4,Fair,80614,2012
Ford,Civic,16616.8,Fair,107666,2020
Ford,F-150,24556.95,Fair,128863,2011
Ford,Civic,17086.8,Fair,78264,2021
Ford,Civic,29410.3,Fair,51796,2010
Ford,Altima,24878.1,Fair,122440,2011
Ford,F-150,30366.8,Fair,32664,2010
Ford,Camry,18951.1,Fair,120980,2017
Ford,Silverado,25885.4,Fair,102294,2011
Ford,Altima,25040.65,Fair,99189,2012
Ford,Camry,24816.15,Fair,123679,2011
Ford,Camry,20298.45,Fair,14029,2021
Ford,Camry,23147.45,Fair,17053,2018
Ford,Civic,26162.6,Fair,56750,2013
Ford,Silverado,22676.75,Fair,106467,2014
Ford,Camry,28250.7,Fair,74986,2010
Ford,Altima,28286.7,Fair,34266,2012
Ford,Camry,19901.55,Fair,21971,2021
Ford,Altima,21083.2,Fair,78336,2017
Ford,Camry,21935.1,Good,121298,2014
Ford,F-150,17968.35,Good,40633,2022
Ford,Silverado,20680.35,Good,126395,2015
Ford,Camry,25218.55,Good,75631,2013
Ford,Camry,24886.0,Good,102278,2012
Ford,Altima,25203.5,Good,35930,2015
Ford,Altima,18240.3,Good,135196,2017
Ford,Altima,27182.05,Good,76361,2011
Ford,Camry,16264.65,Good,74707,2022
Ford,Altima,17119.4,Good,57614,2022
Ford,Civic,20855.55,Good,62889,2018
Ford,Civic,22267.25,Good,94655,2015
Ford,Silverado,25305.65,Good,13887,2016
Ford,F-150,26895.6,Good,42090,2013
Ford,Civic,18080.4,Good,98392,2019
Ford,Camry,21552.55,Good,128951,2014
Ford,Silverado,20349.2,Good,93016,2017
Ford,Altima,16149.1,Good,77020,2022
Ford,Silverado,21184.25,Good,16317,2020
Ford,Silverado,14415.4,Good,111694,2022
Ford,Silverado,23575.4,Good,48490,2016
Ford,Silverado,22958.55,Good,40831,2017
Ford,Civic,31275.0,Good,14502,2010
Ford,Civic,21185.15,Good,36297,2019
Ford,Camry,22477.0,Good,110462,2014
Ford,Silverado,20933.4,Good,101330,2016
Ford,Camry,22213.05,Good,55739,2017
Ford,F-150,21211.6,Good,135770,2014
Ford,Camry,26189.5,Good,36210,2014
Ford,F-150,24588.75,Good,28225,2016
Ford,Camry,20251.3,Good,114976,2016
Ford,Altima,25187.15,Good,56259,2014
Ford,F-150,21771.2,Good,24578,2019
Ford,Altima,30177.65,Good,16447,2011
Ford,F-150,23291.05,Good,134181,2012
Ford,Silverado,24094.05,Good,18119,2017
Ford,Camry,29334.8,Good,13306,2012
Ford,Camry,19579.7,Good,88406,2018
Ford,Altima,27197.9,Good,76042,2011
Ford,Civic,24916.6,Good,81670,2013
Ford,Camry,20107.95,Good,97843,2017
Ford,Silverado,28740.95,Good,65181,2010
Ford,Camry,18608.2,Good,127836,2017
Ford,F-150,19765.0,Good,64700,2019
Ford,Altima,22712.3,Good,45756,2017
Ford,Camry,17546.6,Good,149068,2017
Ford,F-150,24025.85,Good,79483,2014
Ford,Altima,23915.75,Good,61687,2015
Ford,Camry,12896.0,Good,142080,2022
Ford,Camry,16108.65,Good,137827,2019
Ford,Altima,21492.45,Good,30151,2019
Ford,Altima,24270.5,Good,114588,2012
Ford,Civic,23067.35,Good,138655,2012
Ford,Altima,21473.2,Good,30538,2019
Ford,Camry,22340.05,Good,13201,2019
Ford,Camry,19363.25,Good,12737,2022
Ford,Altima,20507.55,Good,109851,2016
Ford,Silverado,19094.75,Excellent,18107,2022
Ford,Civic,18251.05,Excellent,34981,2022
Ford,Silverado,27820.0,Excellent,23600,2013
Ford,Altima,20465.45,Excellent,110691,2016
Ford,Civic,28652.45,Excellent,66951,2010
Ford,Silverado,20544.55,Excellent,69109,2018
Ford,Altima,18965.45,Excellent,20693,2022
Ford,Camry,26717.55,Excellent,105649,2010
Ford,Camry,28179.8,Excellent,36404,2012
Ford,F-150,18383.1,Excellent,132338,2017
Ford,Camry,19691.75,Excellent,46163,2020
Ford,F-150,24139.65,Excellent,57207,2015
Ford,Civic,17755.85,Excellent,44885,2022
Ford,Civic,22004.0,Excellent,119922,2014
Ford,Silverado,26669.6,Excellent,86608,2011
Ford,Civic,23655.45,Excellent,26893,2017
Ford,Camry,20335.0,Excellent,113300,2016
Ford,Silverado,17467.05,Excellent,130659,2018
Ford,Silverado,20646.15,Excellent,127075,2015
Ford,F-150,20995.75,Excellent,20087,2020
Ford,F-150,12775.7,Excellent,144488,2022
Ford,Civic,20449.7,Excellent,11008,2021
Ford,Silverado,27928.15,Excellent,61439,2011
Ford,F-150,17148.95,Excellent,77019,2021
Ford,F-150,16680.0,Excellent,126402,2019
Ford,Silverado,16445.5,Excellent,131090,2019
Ford,F-150,23751.2,Excellent,44978,2016
Ford,Civic,30496.15,Excellent,10079,2011
Ford,F-150,16865.75,Excellent,122685,2019
Ford,Altima,19523.25,Excellent,109535,2017
Ford,Camry,21425.45,Excellent,71493,2017
Ford,F-150,25763.0,Excellent,64742,2013
Ford,Altima,30460.8,Excellent,10786,2011
Ford,Camry,22130.45,Excellent,97393,2015
Ford,Civic,23781.0,Excellent,144382,2011
Ford,Altima,14822.65,Excellent,123549,2021
Ford,Camry,21016.3,Excellent,99676,2016
Ford,Altima,25409.9,Excellent,31804,2015
Ford,Civic,18584.15,Excellent,68319,2020
Ford,Civic,26374.35,Excellent,72515,2012
Ford,Altima,28657.2,Excellent,26858,2012
Ford,Civic,22328.8,Excellent,13424,2019
Ford,Altima,21402.65,Excellent,91947,2016
Ford,Altima,26097.85,Excellent,58045,2013
Ford,Silverado,16912.3,Excellent,141756,2018
Ford,F-150,15834.55,Excellent,123309,2020
Ford,Altima,18754.1,Excellent,84918,2019
Ford,Camry,18078.35,Excellent,118435,2018
Ford,Civic,25752.0,Excellent,44962,2014
Ford,F-150,21866.55,Excellent,42669,2018
Ford,Camry,16639.5,Excellent,127210,2019
Ford,Civic,23831.85,Excellent,23363,2017
Ford,Silverado,27336.55,Excellent,93271,2010
Ford,Civic,18703.7,Excellent,25928,2022
Ford,Silverado,19017.65,Excellent,19645,2022
Ford,F-150,26400.5,Excellent,71988,2012
Ford,Silverado,23291.2,Excellent,114176,2013
Ford,F-150,20888.55,Excellent,42231,2019
Ford,F-150,21876.4,Excellent,22474,2019
Ford,Altima,24908.55,Excellent,101831,2012
Ford,Civic,19455.35,Excellent,30893,2021
Ford,Altima,25264.15,Excellent,134717,2010
Ford,F-150,12613.0,Excellent,147742,2022
Ford,Silverado,23540.9,Excellent,129184,2012
Ford,F-150,26644.1,Excellent,27120,2014
Ford,Silverado,16511.0,Excellent,89782,2021
Ford,Civic,25906.6,Excellent,121868,2010
Ford,Silverado,25669.05,Excellent,106621,2011
Ford,Civic,17274.65,Excellent,54507,2022
Ford,F-150,22045.9,Excellent,99084,2015
Ford,Camry,14662.75,Excellent,126747,2021
Ford,Silverado,22749.75,Excellent,105007,2014
Ford,Altima,25097.3,Excellent,118056,2011
Ford,Silverado,20855.25,Excellent,102895,2016
Ford,Altima,26582.6,Excellent,28350,2014
Ford,Civic,24171.1,Excellent,116576,2012
Ford,Altima,28329.3,Excellent,13416,2013
Ford,F-150,22912.85,Excellent,121745,2013
Ford,Camry,20458.95,Excellent,30823,2020
Ford,Camry,17942.6,Excellent,61150,2021
Ford,F-150,23868.9,Excellent,102622,2013
Ford,Civic,25071.25,Excellent,58577,2014
Ford,Camry,18526.45,Excellent,29471,2022
Ford,Camry,20425.1,Excellent,91498,2017
Ford,Civic,17216.4,Excellent,75674,2021
Ford,Civic,27248.15,Excellent,55039,2012
Ford,F-150,22143.95,Excellent,77119,2016
Ford,Silverado,21593.45,Excellent,28133,2019
Ford,Civic,17715.5,Excellent,105690,2019
Ford,F-150,17450.65,Excellent,90987,2020
Ford,Civic,19150.7,Excellent,116988,2017
Ford,F-150,23309.75,Excellent,93807,2014
Ford,F-150,15522.55,Excellent,109551,2021
Ford,Camry,27038.4,Excellent,99234,2010
Ford,Altima,28848.95,Excellent,63023,2010
Ford,Silverado,17226.0,Excellent,75482,2021
Ford,Altima,25791.5,Excellent,44172,2014
Ford,Civic,29736.15,Excellent,25277,2011
Ford,Silverado,26519.0,Excellent,49622,2013
Ford,Altima,22876.95,Excellent,82459,2015
Ford,F-150,19653.2,Excellent,26938,2021
Ford,Camry,16983.05,Excellent,60341,2022
Ford,F-150,28387.6,Excellent,32250,2012
Ford,F-150,23001.4,Excellent,79970,2015
Ford,Camry,29284.65,Excellent,54309,2010
Ford,Camry,23238.05,Excellent,135239,2012
Ford,Silverado,24446.5,Excellent,111072,2012
Ford,Camry,30347.4,Excellent,13052,2011
Ford,Civic,22261.0,Excellent,74780,2016
Ford,Altima,17852.3,Excellent,42956,2022
Ford,Silverado,22499.3,Excellent,110014,2014
Ford,Camry,15600.05,Excellent,108001,2021
Ford,F-150,22294.25,Excellent,134117,2013
Ford,Silverado,19482.3,Excellent,70356,2019
Ford,Camry,26194.65,Excellent,16105,2015
Ford,Civic,25360.9,Excellent,12784,2016
Ford,F-150,25291.45,Excellent,94169,2012
Ford,Altima,25661.65,Excellent,66767,2013
Ford,F-150,20539.7,Excellent,89206,2017
Ford,Civic,26305.1,Excellent,53898,2013
Honda,F-150,24266.5,Fair,134672,2011
Honda,Silverado,22544.7,Fair,69108,2016
Honda,Camry,31132.8,Fair,17346,2010
Honda,Camry,23798.95,Fair,144023,2011
Honda,F-150,17001.2,Fair,59978,2022
Honda,Altima,20217.25,Fair,35657,2020
Honda,Camry,26089.5,Fair,98208,2011
Honda,Camry,22142.35,Fair,97155,2015
Honda,F-150,23411.15,Fair,131779,2012
Honda,Camry,18147.0,Fair,137062,2017
Honda,Civic,21446.2,Fair,131078,2014
Honda,Silverado,18657.35,Fair,86855,2019
Honda,Silverado,18806.85,Fair,23865,2022
Honda,Camry,19737.05,Fair,125259,2016
Honda,Civic,20557.8,Fair,28846,2020
Honda,F-150,25775.75,Fair,24487,2015
Honda,F-150,23033.45,Fair,39333,2017
Honda,F-150,16169.55,Fair,116611,2020
Honda,Camry,23164.75,Fair,96707,2014
Honda,Camry,27752.85,Fair,24945,2013
Honda,Silverado,18376.9,Fair,52464,2021
Honda,Altima,26273.95,Fair,74521,2012
Honda,Civic,26263.3,Fair,34734,2014
Honda,Silverado,16780.05,Fair,104399,2020
Honda,Civic,21465.75,Fair,30687,2019
Honda,Altima,24141.05,Fair,137181,2011
Honda,Camry,25184.35,Good,56311,2014
Honda,F-150,19000.55,Good,119991,2017
Honda,F-150,25667.3,Good,46654,2014
Honda,Camry,26434.4,Good,111314,2010
Honda,F-150,19536.45,Good,49271,2020
Honda,Silverado,27057.3,Good,18854,2014
Honda,Altima,24743.7,Good,105128,2012
Honda,Silverado,19004.5,Good,59912,2020
Honda,F-150,22233.8,Good,135326,2013
Honda,Civic,25143.45,Good,117131,2011
Honda,Silverado,24577.95,Good,48441,2015
Honda,Silverado,27657.15,Good,26857,2013
Honda,Civic,20092.3,Good,118154,2016
Honda,F-150,23631.15,Good,107377,2013
Honda,F-150,16114.85,Good,77705,2022
Honda,Camry,21780.3,Good,24396,2019
Honda,Silverado,20981.75,Good,100367,2016
Honda,Silverado,19470.15,Good,130595,2016
Honda,Altima,23488.7,Good,90224,2014
Honda,Altima,27978.0,Good,40442,2012
Honda,Camry,30025.55,Good,19491,2011
Honda,Altima,29594.5,Good,28108,2011
Honda,Altima,28091.85,Good,58163,2011
Honda,Camry,27028.15,Good,19437,2014
Honda,Silverado,14498.0,Good,130042,2021
Honda,Silverado,21318.2,Good,53638,2018
Honda,Altima,15053.15,Good,118937,2021
Honda,Camry,19804.85,Good,103903,2017
Honda,Silverado,18586.95,Good,28261,2022
Honda,Silverado,16935.7,Good,81288,2021
Honda,Civic,14479.1,Good,110420,2022
Honda,Civic,15072.7,Good,98546,2022
Honda,Silverado,24376.65,Good,112469,2012
Honda,Civic,27141.6,Good,17168,2014
Honda,Altima,13517.7,Good,149648,2021
Honda,Altima,13877.3,Good,142456,2021
Honda,Silverado,21010.55,Good,19789,2020
Honda,F-150,22824.35,Good,103515,2014
Honda,Silverado,24388.15,Good,132239,2011
Honda,F-150,29345.05,Good,33101,2011
Honda,Camry,18911.3,Good,141774,2016
Honda,Civic,27111.9,Good,77760,2011
Honda,Civic,24634.7,Good,147306,2010
Honda,Civic,14169.6,Good,136606,2021
Honda,Camry,22190.0,Good,136202,2013
Honda,Silverado,16896.8,Good,122062,2019
Honda,Silverado,24230.35,Good,75393,2014
Honda,Camry,18765.5,Good,104690,2018
Honda,F-150,21130.55,Good,77391,2017
Honda,F-150,21948.5,Good,81032,2016
Honda,Silverado,18715.05,Good,125701,2017
Honda,F-150,19333.3,Good,133334,2016
Honda,Camry,26397.35,Good,72053,2012
Honda,Civic,18813.8,Good,103726,2018
Honda,Altima,24330.6,Good,113390,2012
Honda,Civic,18296.0,Excellent,34080,2022
Honda,F-150,28285.25,Excellent,54295,2011
Honda,Camry,28813.1,Excellent,63740,2010
Honda,Civic,19133.5,Excellent,17332,2022
Honda,Camry,21988.2,Excellent,40238,2018
Honda,Civic,25024.7,Excellent,99506,2012
Honda,Silverado,24568.15,Excellent,68639,2014
Honda,Civic,24624.45,Excellent,27511,2016
Honda,Silverado,20010.0,Excellent,119802,2016
Honda,Altima,20031.9,Excellent,79364,2018
Honda,Camry,23568.85,Excellent,28625,2017
Honda,Altima,16575.9,Excellent,108484,2020
Honda,Silverado,22029.2,Excellent,79418,2016
Honda,Silverado,22435.15,Excellent,131297,2013
Honda,Silverado,15046.65,Excellent,119069,2021
Honda,Civic,20528.5,Excellent,49430,2019
Honda,Silverado,16158.65,Excellent,96829,2021
Honda,Civic,30526.55,Excellent,29471,2010
Honda,F-150,19386.4,Excellent,72274,2019
Honda,Altima,22914.0,Excellent,101720,2014
Honda,F-150,20738.75,Excellent,145225,2014
Honda,Altima,23887.35,Excellent,22255,2017
Honda,Silverado,16713.65,Excellent,105729,2020
Honda,Camry,26797.8,Excellent,104044,2010
Honda,Civic,19806.9,Excellent,143862,2015
Honda,Altima,24618.7,Excellent,67624,2014
Honda,Silverado,19518.9,Excellent,29624,2021
Honda,Altima,22115.1,Excellent,17700,2019
Honda,Silverado,22903.75,Excellent,81927,2015
Honda,Silverado,23517.95,Excellent,89643,2014
Honda,Civic,19664.9,Excellent,146704,2015
Honda,F-150,19037.0,Excellent,79262,2019
Honda,Civic,28411.35,Excellent,51775,2011
Honda,Camry,19724.15,Excellent,125517,2016
Honda,Silverado,24381.1,Excellent,72376,2014
Honda,Silverado,21851.6,Excellent,142970,2013
Honda,Camry,22957.45,Excellent,140853,2012
Honda,Silverado,27592.95,Excellent,28141,2013
Honda,Altima,16823.9,Excellent,103522,2020
Honda,Silverado,21830.5,Excellent,63390,2017
Honda,Altima,25055.55,Excellent,58887,2014
Honda,Camry,25410.2,Excellent,51798,2014
Honda,Altima,20943.95,Excellent,101123,2016
Honda,Camry,28104.3,Excellent,17912,2013
Honda,Silverado,21447.5,Excellent,11052,2020
Honda,Altima,16953.65,Excellent,60927,2022
Honda,Silverado,21461.55,Excellent,70771,2017
Honda,Altima,19515.9,Excellent,89682,2018
Honda,Silverado,19841.65,Excellent,63167,2019
Honda,F-150,23669.85,Excellent,46605,2016
Honda,Altima,26504.2,Excellent,109918,2010
Honda,F-150,24763.05,Excellent,44741,2015
Honda,F-150,27324.25,Excellent,33515,2013
Honda,Altima,19433.2,Excellent,71338,2019
Honda,Silverado,22993.0,Excellent,140142,2012
Honda,Altima,23654.4,Excellent,46914,2016
Honda,Civic,20087.3,Excellent,78256,2018
Honda,Civic,17159.0,Excellent,136822,2018
Honda,Altima,19445.65,Excellent,31087,2021
Honda,Altima,25415.45,Excellent,131693,2010
Honda,Civic,12875.9,Excellent,142482,2022
Honda,F-150,29209.85,Excellent,35805,2011
Honda,Civic,22607.6,Excellent,27846,2018
Honda,Altima,16697.1,Excellent,66060,2022
Honda,Silverado,26933.15,Excellent,21339,2014
Honda,Camry,25916.2,Excellent,121674,2010
Honda,Civic,20199.2,Excellent,96018,2017
Honda,Altima,26257.7,Excellent,114848,2010
Honda,Altima,25809.75,Excellent,123807,2010
Honda,Altima,18334.2,Excellent,33316,2022
Honda,Altima,19919.35,Excellent,121615,2016
Honda,Altima,17784.25,Excellent,64317,2021
Honda,Silverado,22827.3,Excellent,143456,2012
Honda,Silverado,21084.9,Excellent,98304,2016
Honda,Silverado,20426.6,Excellent,31470,2020
Honda,Altima,17831.3,Excellent,63376,2021
Honda,Silverado,15701.5,Excellent,85972,2022
Honda,Silverado,26628.0,Excellent,87442,2011
Honda,F-150,27172.9,Excellent,36544,2013
Honda,Silverado,19646.25,Excellent,147077,2015
Honda,Camry,25234.1,Excellent,75318,2013
Honda,Silverado,17161.25,Excellent,136777,2018
Honda,Camry,21545.1,Excellent,29100,2019
Honda,Civic,16771.05,Excellent,84577,2021
Honda,F-150,26674.95,Excellent,86503,2011
Honda,F-150,20428.85,Excellent,31423,2020
Honda,F-150,17698.25,Excellent,106037,2019
Honda,Camry,19567.6,Excellent,108648,2017
Honda,F-150,25107.25,Excellent,77857,2013
Honda,Camry,20855.55,Excellent,122891,2015
Honda,Civic,20856.15,Excellent,122879,2015
Honda,Silverado,24126.4,Excellent,137472,2011
Honda,Altima,21990.5,Excellent,80192,2016
Honda,Camry,22234.75,Excellent,35305,2018
Honda,Civic,20290.85,Excellent,94183,2017
Honda,Civic,27583.55,Excellent,48331,2012
Honda,Camry,27160.9,Excellent,36782,2013
Honda,Camry,24879.8,Excellent,102406,2012
Honda,Altima,12969.85,Excellent,140603,2022
Honda,Altima,24222.85,Excellent,15545,2017
Honda,Civic,29619.55,Excellent,47611,2010
Honda,Altima,28592.15,Excellent,68159,2010
Honda,Civic,25398.3,Excellent,112032,2011
Honda,F-150,28948.65,Excellent,21025,2012
Honda,Camry,25821.35,Excellent,103575,2011
Honda,Civic,27494.1,Excellent,10120,2014
Honda,Civic,21207.65,Excellent,55849,2018
Honda,Civic,17235.05,Excellent,115299,2019
Honda,Camry,25795.5,Excellent,84092,2012
Honda,Camry,18233.7,Excellent,75326,2020
Honda,Camry,28927.6,Excellent,61450,2010
Honda,Silverado,27278.4,Excellent,94434,2010
Honda,Silverado,20415.7,Excellent,31688,2020
Honda,Camry,23798.4,Excellent,24030,2017
Honda,Civic,24064.7,Excellent,38708,2016
Honda,Altima,15218.5,Excellent,135632,2020
Honda,Camry,28146.6,Excellent,57068,2011
Honda,Silverado,24456.4,Excellent,50874,2015
Nissan,Silverado,27198.35,Fair,56035,2012
Nissan,Camry,29519.85,Fair,29605,2011
Nissan,Silverado,17137.95,Fair,137243,2018
Nissan,Silverado,19901.35,Fair,81973,2018
Nissan,Silverado,24142.15,Fair,137159,2011
Nissan,Civic,18930.45,Fair,41393,2021
Nissan,Altima,22893.95,Fair,102123,2014
Nissan,Silverado,29377.05,Fair,32459,2011
Nissan,Civic,21542.1,Fair,89158,2016
Nissan,Camry,16851.2,Fair,62974,2022
Nissan,F-150,23105.8,Fair,37884,2017
Nissan,Camry,25828.9,Fair,43424,2014
Nissan,Camry,16338.9,Fair,73222,2022
Nissan,F-150,17986.5,Fair,60272,2021
Nissan,Altima,15287.3,Fair,94256,2022
Nissan,Camry,21419.5,Fair,131612,2014
Nissan,Altima,19200.5,Fair,15992,2022
Nissan,Civic,30136.75,Fair,37265,2010
Nissan,F-150,28918.2,Fair,41636,2011
Nissan,Altima,20669.4,Fair,106614,2016
Nissan,Silverado,20904.4,Good,101914,2016
Nissan,Altima,20347.4,Good,33054,2020
Nissan,Civic,25916.4,Good,61672,2013
Nissan,Altima,16966.65,Good,100665,2020
Nissan,F-150,30142.65,Good,17149,2011
Nissan,Camry,26081.2,Good,58378,2013
Nissan,Altima,17344.8,Good,133106,2018
Nissan,Silverado,27498.15,Good,70039,2011
Nissan,F-150,25543.1,Good,89140,2012
Nissan,Camry,27889.4,Good,82212,2010
Nissan,Camry,22315.4,Good,93694,2015
Nissan,Silverado,27120.15,Good,77599,2011
Nissan,Altima,28849.8,Good,23004,2012
Nissan,Civic,25864.95,Good,22701,2015
Nissan,F-150,23561.9,Good,48764,2016
Nissan,Civic,21620.7,Good,27588,2019
Nissan,F-150,26542.65,Good,49149,2013
Nissan,Altima,22160.9,Good,56782,2017
Nissan,Altima,22372.15,Good,12555,2019
Nissan,Civic,18143.15,Good,57139,2021
Nissan,F-150,29499.45,Good,50011,2010
Nissan,Silverado,25434.75,Good,11305,2016
Nissan,Camry,23502.7,Good,69944,2015
Nissan,Altima,25069.3,Good,78616,2013
Nissan,F-150,29561.9,Good,48764,2010
Nissan,Silverado,15816.65,Good,83667,2022
Nissan,Civic,26081.05,Good,98379,2011
Nissan,Camry,15635.6,Good,87290,2022
Nissan,F-150,24004.55,Good,39911,2016
Nissan,Camry,26828.35,Good,43433,2013
Nissan,Altima,27972.7,Good,60548,2011
Nissan,Altima,18313.35,Good,93735,2019
Nissan,Silverado,16834.05,Good,103321,2020
Nissan,Camry,22646.65,Good,27069,2018
Nissan,Civic,14867.55,Good,122651,2021
Nissan,Altima,26463.4,Good,90734,2011
Nissan,Camry,20421.95,Good,131563,2015
Nissan,Silverado,16079.95,Good,98401,2021
Nissan,F-150,29895.05,Good,42099,2010
Nissan,Civic,22422.6,Good,91550,2015
Nissan,F-150,26576.1,Good,48480,2013
Nissan,F-150,19201.15,Good,55979,2020
Nissan,Altima,20780.35,Good,24393,2020
Nissan,Silverado,18472.55,Good,70547,2020
Nissan,F-150,27765.05,Good,84697,2010
Nissan,F-150,26119.65,Good,37607,2014
Nissan,F-150,23683.6,Good,106330,2013
Nissan,Civic,27623.3,Good,47534,2012
Nissan,Altima,20009.7,Good,59808,2019
Nissan,F-150,18747.45,Good,125049,2017
Nissan,Altima,17192.15,Good,56155,2022
Nissan,F-150,20208.85,Good,75823,2018
Nissan,Civic,26177.75,Good,36447,2014
Nissan,Altima,19936.1,Good,61278,2019
Nissan,Civic,29955.55,Good,40889,2010
Nissan,Camry,26046.6,Good,19070,2015
Nissan,Altima,22643.4,Good,67134,2016
Nissan,Camry,15010.8,Excellent,119784,2021
Nissan,Camry,24189.9,Excellent,96202,2013
Nissan,Silverado,22145.85,Excellent,77083,2016
Nissan,Altima,29321.65,Excellent,33565,2011
Nissan,Silverado,31034.15,Excellent,19317,2010
Nissan,F-150,18802.1,Excellent,103960,2018
Nissan,Altima,22844.3,Excellent,23116,2018
Nissan,Silverado,15725.45,Excellent,105493,2021
Nissan,Civic,30262.9,Excellent,14744,2011
Nissan,Altima,29376.15,Excellent,52477,2010
Nissan,F-150,20101.1,Excellent,37978,2020
Nissan,Civic,24309.4,Excellent,53814,2015
Nissan,F-150,22461.1,Excellent,50778,2017
Nissan,Silverado,17102.7,Excellent,57948,2022
Nissan,F-150,26276.15,Excellent,94477,2011
Nissan,Civic,20419.25,Excellent,31617,2020
Nissan,Altima,27002.55,Excellent,39951,2013
Nissan,Altima,21400.35,Excellent,11995,2020
Nissan,Camry,29791.3,Excellent,44176,2010
Nissan,Camry,18560.8,Excellent,88786,2019
Nissan,Silverado,25063.85,Excellent,118725,2011
Nissan,Civic,18591.95,Excellent,88161,2019
Nissan,Civic,22752.55,Excellent,64951,2016
Nissan,F-150,21025.55,Excellent,99491,2016
Nissan,Altima,23532.75,Excellent,149343,2011
Nissan,Camry,19830.15,Excellent,63399,2019
Nissan,Camry,22058.15,Excellent,98839,2015
Nissan,Camry,27514.0,Excellent,29720,2013
Nissan,Camry,21060.25,Excellent,38797,2019
Nissan,Camry,24275.55,Excellent,74491,2014
Nissan,Camry,28432.65,Excellent,31349,2012
Nissan,F-150,24142.75,Excellent,57147,2015
Nissan,Silverado,27279.85,Excellent,14405,2014
Nissan,Silverado,17265.4,Excellent,94694,2020
Nissan,F-150,21827.5,Excellent,103452,2015
Nissan,Civic,15660.45,Excellent,106793,2021
Nissan,Silverado,26018.55,Excellent,39631,2014
Nissan,Civic,15135.95,Excellent,117283,2021
Nissan,Civic,17121.3,Excellent,117574,2019
Nissan,Altima,21718.2,Excellent,45636,2018
Nissan,Civic,20973.3,Excellent,80534,2017
Nissan,Camry,30366.5,Excellent,12670,2011
Nissan,F-150,22801.95,Excellent,23963,2018
Nissan,Silverado,25016.7,Excellent,79668,2013
Nissan,Civic,18322.4,Excellent,93552,2019
Nissan,Altima,22937.25,Excellent,61257,2016
Nissan,Camry,23215.55,Excellent,75691,2015
Nissan,Silverado,19690.5,Excellent,86192,2018
Nissan,Altima,15907.0,Excellent,101862,2021
Nissan,Silverado,24922.5,Excellent,121548,2011
Nissan,Civic,19617.0,Excellent,127662,2016
Nissan,Civic,28271.5,Excellent,74570,2010
Nissan,Silverado,25249.95,Excellent,55001,2014
Nissan,F-150,23533.95,Excellent,109321,2013
Nissan,Camry,20706.4,Excellent,25872,2020
Nissan,Altima,23113.0,Excellent,77740,2015
Nissan,Civic,25385.9,Excellent,32282,2015
Nissan,Camry,24418.85,Excellent,51625,2015
Nissan,Silverado,21322.5,Excellent,133552,2014
Nissan,F-150,19447.25,Excellent,11057,2022
Nissan,Camry,16792.15,Excellent,144159,2018
Nissan,Altima,13118.05,Excellent,137639,2022
Nissan,Altima,27529.15,Excellent,29419,2013
Nissan,Camry,23313.85,Excellent,13723,2018
Nissan,Altima,19729.2,Excellent,105416,2017
Nissan,Silverado,26321.2,Excellent,73578,2012
Nissan,Camry,20714.1,Excellent,65718,2018
Nissan,Camry,29282.7,Excellent,54344,2010
Nissan,F-150,23018.55,Excellent,99627,2014
Nissan,Camry,21223.55,Excellent,95531,2016
Nissan,Camry,20323.0,Excellent,53540,2019
Nissan,Altima,19588.3,Excellent,88234,2018
Nissan,Silverado,23464.75,Excellent,90705,2014
Nissan,Altima,17756.2,Excellent,104878,2019
Nissan,Camry,25810.7,Excellent,103788,2011
Nissan,Altima,22515.7,Excellent,109684,2014
Nissan,Altima,19106.05,Excellent,97881,2018
Nissan,Altima,22510.4,Excellent,149794,2012
Nissan,Camry,25269.7,Excellent,54608,2014
Nissan,Altima,17615.0,Excellent,47702,2022
Nissan,F-150,18853.4,Excellent,62934,2020
Nissan,Camry,22001.6,Excellent,139970,2013
Nissan,Altima,20766.05,Excellent,144681,2014
Nissan,Civic,17160.55,Excellent,96791,2020
Nissan,F-150,30455.25,Excellent,10893,2011
Nissan,Silverado,21333.1,Excellent,73340,2017
Nissan,Camry,18824.5,Excellent,123512,2017
Nissan,Silverado,16809.4,Excellent,123810,2019
Nissan,Silverado,26022.0,Excellent,59560,2013
Nissan,F-150,22694.15,Excellent,106119,2014
Nissan,Silverado,16389.95,Excellent,72203,2022
Nissan,Silverado,26305.6,Excellent,33890,2014
Nissan,Camry,26935.75,Excellent,41285,2013
Nissan,Silverado,23608.65,Excellent,47829,2016
Nissan,Altima,28911.4,Excellent,21770,2012
Nissan,Silverado,24867.2,Excellent,82654,2013
Nissan,Civic,18806.85,Excellent,23865,2022
Nissan,F-150,24120.85,Excellent,97585,2013
Nissan,Altima,16781.8,Excellent,84366,2021
Nissan,Altima,14664.05,Excellent,126719,2021
Nissan,Altima,27807.1,Excellent,43860,2012
Nissan,Civic,18164.35,Excellent,96715,2019
Nissan,Civic,23570.0,Excellent,108600,2013
Nissan,Civic,19113.05,Excellent,97741,2018
Nissan,Altima,17168.65,Excellent,136627,2018
Nissan,F-150,26913.0,Excellent,81738,2011
Nissan,F-150,24055.45,Excellent,98891,2013
Nissan,Altima,17941.75,Excellent,41167,2022
Nissan,Altima,23545.4,Excellent,109094,2013
Nissan,Camry,24548.5,Excellent,149032,2010
Nissan,Silverado,18580.6,Excellent,128390,2017
Toyota,F-150,26341.85,Fair,53165,2013
Toyota,Civic,21156.45,Fair,96869,2016
Toyota,F-150,23019.05,Fair,119617,2013
Toyota,Camry,19544.4,Fair,69114,2019
Toyota,Altima,14463.65,Fair,110727,2022
Toyota,Camry,27509.55,Fair,89811,2010
Toyota,Altima,14197.5,Fair,136052,2021
Toyota,Camry,17649.75,Fair,127007,2018
Toyota,F-150,20377.6,Fair,52450,2019
Toyota,F-150,17004.15,Fair,99917,2020
Toyota,Civic,21456.6,Fair,70870,2017
Toyota,Silverado,26793.6,Fair,24128,2014
Toyota,Silverado,20964.1,Fair,120720,2015
Toyota,Silverado,25842.9,Fair,123140,2010
Toyota,Silverado,19519.45,Fair,129611,2016
Toyota,F-150,27504.65,Fair,29909,2013
Toyota,Silverado,16401.7,Fair,131966,2019
Toyota,Silverado,13619.9,Fair,127604,2022
Toyota,F-150,24488.75,Fair,50227,2015
Toyota,Camry,27749.9,Fair,85004,2010
Toyota,Altima,17693.25,Fair,86137,2020
Toyota,Civic,25884.5,Fair,22308,2015
Toyota,Civic,23271.95,Fair,94561,2014
Toyota,F-150,20164.4,Fair,116714,2016
Toyota,F-150,29126.2,Fair,37478,2011
Toyota,Silverado,17124.95,Good,117503,2019
Toyota,Camry,14002.85,Good,139945,2021
Toyota,Altima,24379.6,Good,72408,2014
Toyota,Civic,23558.35,Good,88835,2014
Toyota,Civic,18901.5,Good,81972,2019
Toyota,Civic,19457.8,Good,90846,2018
Toyota,Altima,22944.45,Good,141113,2012
Toyota,Camry,16729.15,Good,85415,2021
Toyota,F-150,19119.95,Good,117603,2017
Toyota,Silverado,22636.8,Good,127266,2013
Toyota,Altima,19114.25,Good,137717,2016
Toyota,F-150,21174.25,Good,116517,2015
Toyota,Camry,20574.75,Good,148505,2014
Toyota,F-150,25248.75,Good,15027,2016
Toyota,Civic,20777.85,Good,44445,2019
Toyota,Silverado,26149.9,Good,17004,2015
Toyota,Altima,19719.2,Good,105618,2017
Toyota,Silverado,27307.55,Good,73851,2011
Toyota,Silverado,17165.25,Good,56697,2022
Toyota,Silverado,16592.75,Good,148147,2018
Toyota,F-150,25106.4,Good,57872,2014
Toyota,Altima,18321.95,Good,133563,2017
Toyota,Altima,18119.9,Good,137604,2017
Toyota,Civic,17257.75,Good,94847,2020
Toyota,Silverado,27105.95,Good,57881,2012
Toyota,Altima,29443.4,Good,51134,2010
Toyota,Silverado,20172.15,Good,136557,2015
Toyota,Camry,26436.05,Good,71281,2012
Toyota,Altima,18735.85,Good,65285,2020
Toyota,Civic,23399.4,Good,132012,2012
Toyota,Altima,17493.3,Good,50136,2022
Toyota,Camry,25102.85,Good,57943,2014
Toyota,Camry,24285.4,Good,134292,2011
Toyota,Altima,16882.35,Good,82355,2021
Toyota,Camry,25099.8,Good,98006,2012
Toyota,Altima,15988.8,Good,140224,2019
Toyota,Camry,22276.8,Good,54466,2017
Toyota,Camry,28982.85,Good,20345,2012
Toyota,Camry,24969.15,Good,120615,2011
Toyota,Altima,16657.25,Good,66857,2022
Toyota,Camry,18789.05,Good,64221,2020
Toyota,Camry,26310.85,Good,33785,2014
Toyota,F-150,25120.35,Good,97595,2012
Toyota,Altima,19868.85,Good,42621,2020
Toyota,Camry,25554.75,Good,108907,2011
Toyota,Civic,21808.8,Good,63826,2017
Toyota,Civic,25853.8,Good,102926,2011
Toyota,Civic,17665.15,Good,46699,2022
Toyota,Civic,28321.35,Good,53575,2011
Toyota,F-150,15483.95,Good,110323,2021
Toyota,Camry,13947.95,Good,121039,2022
Toyota,Altima,23807.85,Good,23845,2017
Toyota,F-150,23427.55,Good,51451,2016
Toyota,Silverado,31414.9,Good,11704,2010
Toyota,Silverado,27321.1,Excellent,13578,2014
Toyota,Altima,27426.6,Excellent,11470,2014
Toyota,Altima,17365.45,Excellent,112693,2019
Toyota,Silverado,26005.0,Excellent,79902,2012
Toyota,F-150,24351.3,Excellent,72976,2014
Toyota,F-150,21722.15,Excellent,65559,2017
Toyota,Civic,15400.4,Excellent,131994,2020
Toyota,F-150,25805.7,Excellent,123884,2010
Toyota,Altima,19159.15,Excellent,36817,2021
Toyota,Altima,22756.1,Excellent,44880,2017
Toyota,Silverado,19272.9,Excellent,54542,2020
Toyota,F-150,24762.45,Excellent,144751,2010
Toyota,F-150,19949.9,Excellent,101000,2017
Toyota,Altima,23028.65,Excellent,119427,2013
Toyota,Silverado,23669.0,Excellent,146622,2011
Toyota,Altima,21811.4,Excellent,43774,2018
Toyota,Silverado,28880.45,Excellent,22391,2012
Toyota,Altima,23900.95,Excellent,121983,2012
Toyota,Camry,17198.45,Excellent,116033,2019
Toyota,F-150,19068.3,Excellent,78634,2019
Toyota,Civic,20655.9,Excellent,66884,2018
Toyota,Civic,21606.4,Excellent,67872,2017
Toyota,Silverado,19978.05,Excellent,60439,2019
Toyota,Civic,20609.4,Excellent,127814,2015
Toyota,F-150,19796.6,Excellent,44070,2020
Toyota,F-150,26400.9,Excellent,111984,2010
Toyota,Civic,25269.4,Excellent,14614,2016
Toyota,F-150,23549.05,Excellent,129019,2012
Toyota,Camry,25799.1,Excellent,24020,2015
Toyota,Camry,23777.1,Excellent,144456,2011
Toyota,Camry,13775.2,Excellent,144496,2021
Toyota,Altima,23181.35,Excellent,76373,2015
Toyota,Civic,13017.55,Excellent,139651,2022
Toyota,Altima,22713.45,Excellent,145731,2012
Toyota,Silverado,25322.95,Excellent,93543,2012
Toyota,Silverado,19163.35,Excellent,96735,2018
Toyota,Silverado,20322.1,Excellent,133560,2015
Toyota,Civic,20390.0,Excellent,12202,2021
Toyota,Altima,14521.85,Excellent,129563,2021
Toyota,Altima,21202.0,Excellent,35960,2019
Toyota,Camry,19633.7,Excellent,127326,2016
Toyota,Camry,16387.2,Excellent,132258,2019
Toyota,Silverado,16372.65,Excellent,132549,2019
Toyota,Civic,27583.75,Excellent,68325,2011
Toyota,Camry,15716.45,Excellent,105673,2021
Toyota,Civic,16673.95,Excellent,126523,2019
Toyota,Silverado,22087.05,Excellent,118261,2014
Toyota,Altima,20147.45,Excellent,37051,2020
Toyota,Civic,21023.55,Excellent,59531,2018
Toyota,Silverado,18880.35,Excellent,42395,2021
Toyota,Camry,20521.6,Excellent,149570,2014
Toyota,Altima,15943.75,Excellent,121125,2020
Toyota,Altima,29491.8,Excellent,30166,2011
Toyota,F-150,20094.7,Excellent,18104,2021
Toyota,Camry,21437.8,Excellent,31246,2019
Toyota,Civic,29016.7,Excellent,59668,2010
Toyota,Camry,25764.85,Excellent,124705,2010
Toyota,Camry,15767.75,Excellent,144647,2019
Toyota,Civic,26711.85,Excellent,105765,2010
Toyota,Altima,25356.65,Excellent,12869,2016
Toyota,Camry,20621.65,Excellent,87569,2017
Toyota,Civic,16092.2,Excellent,98158,2021
Toyota,F-150,26613.55,Excellent,87729,2011
Toyota,Altima,22043.55,Excellent,119129,2014
Toyota,Civic,21896.35,Excellent,42073,2018
Toyota,Altima,30510.55,Excellent,29791,2010
Toyota,Altima,23746.9,Excellent,65064,2015
Toyota,F-150,24518.9,Excellent,49624,2015
Toyota,Silverado,13729.85,Excellent,125405,2022
Toyota,Altima,28461.35,Excellent,70775,2010
Toyota,Silverado,24385.7,Excellent,12288,2017
Toyota,Altima,20900.1,Excellent,82000,2017
Toyota,Camry,23832.55,Excellent,143351,2011
Toyota,Civic,22974.55,Excellent,80511,2015
Toyota,Altima,28044.2,Excellent,39118,2012
Toyota,Altima,23045.75,Excellent,139087,2012
Toyota,Civic,21960.25,Excellent,80795,2016
Toyota,Camry,28105.95,Excellent,57879,2011
Toyota,Camry,16647.0,Excellent,107058,2020
Toyota,Altima,23952.7,Excellent,80948,2014
Toyota,Silverado,18417.65,Excellent,131649,2017
Toyota,F-150,29649.4,Excellent,47014,2010
Toyota,Silverado,24797.4,Excellent,124052,2011
Toyota,F-150,15447.5,Excellent,111050,2021
Toyota,Altima,20586.6,Excellent,48268,2019
Toyota,Camry,15163.45,Excellent,136729,2020
Toyota,Camry,25008.8,Excellent,139826,2010
Toyota,Altima,23854.85,Excellent,102901,2013
Toyota,Civic,19385.45,Excellent,92293,2018
Toyota,Silverado,15287.95,Excellent,134241,2020
Toyota,Civic,21042.65,Excellent,19145,2020
Toyota,F-150,18944.8,Excellent,61104,2020
Toyota,Altima,16910.05,Excellent,101801,2020
Toyota,F-150,18865.0,Excellent,42702,2021
Toyota,F-150,12706.9,Excellent,145864,2022
Toyota,Civic,14343.45,Excellent,133133,2021
Toyota,F-150,28433.1,Excellent,51340,2011
Toyota,F-150,24559.0,Excellent,128818,2011
Toyota,Civic,16643.65,Excellent,87129,2021
Toyota,Camry,24753.15,Excellent,124937,2011
Toyota,F-150,14615.45,Excellent,127693,2021
Toyota,Camry,20574.85,Excellent,48503,2019
Toyota,Civic,27735.4,Excellent,45294,2012
Toyota,Altima,23595.45,Excellent,108091,2013
Toyota,Civic,25322.0,Excellent,113560,2011
Toyota,Altima,27946.95,Excellent,81063,2010
Toyota,Camry,14176.85,Excellent,116465,2022
Toyota,Camry,24723.6,Excellent,145528,2010
Toyota,Camry,28536.85,Excellent,29265,2012
Toyota,F-150,31353.95,Excellent,12923,2010
Toyota,Silverado,26239.65,Excellent,115209,2010
Toyota,Altima,19663.85,Excellent,46725,2020
Toyota,Altima,22109.35,Excellent,117813,2014
Toyota,F-150,15967.85,Excellent,140645,2019
Toyota,Altima,27963.45,Excellent,60733,2011
Toyota,Camry,27551.85,Excellent,88965,2010
Toyota,Civic,26500.2,Excellent,49994,2013
Toyota,Altima,16237.4,Excellent,75254,2022
Toyota,Silverado,26252.95,Excellent,54943,2013
Toyota,Civic,25331.8,Excellent,73364,2013
Toyota,Silverado,28497.45,Excellent,70053,2010
Toyota,Altima,22636.95,Excellent,107263,2014
Toyota,Altima,19789.25,Excellent,64217,2019
Toyota,Altima,22632.7,Excellent,27348,2018
Toyota,Camry,23179.75,Excellent,136407,2012
Toyota,Camry,21613.2,Excellent,127738,2014
