Price,Mileage,Year,Brand_Chevrolet,Brand_Ford,Brand_Honda,Brand_Nissan,Brand_Toyota,Model_Altima,Model_Camry,Model_Civic,Model_F-150,Model_Silverado,Condition_Excellent,Condition_Fair,Condition_Good
22586.05,48281,2017,True,False,False,False,False,False,False,False,True,False,False,True,False
16318.75,133627,2019,True,False,False,False,False,False,False,True,False,False,False,True,False
19255.55,14891,2022,True,False,False,False,False,True,False,False,False,False,False,True,False
29481.7,30366,2011,True,False,False,False,False,False,False,True,False,False,False,True,False
13049.8,139004,2022,True,False,False,False,False,True,False,False,False,False,False,True,False
24186.6,76270,2014,True,False,False,False,False,True,False,False,False,False,False,True,False
18119.3,97616,2019,True,False,False,False,False,False,True,False,False,False,False,True,False
15377.6,132448,2020,True,False,False,False,False,False,False,False,True,False,False,True,False
26851.1,22980,2014,True,False,False,False,False,False,False,False,False,True,False,True,False
24260.95,134783,2011,True,False,False,False,False,False,True,False,False,False,False,True,False
18767.8,64646,2020,True,False,False,False,False,True,False,False,False,False,False,True,False
19836.55,63271,2019,True,False,False,False,False,False,False,False,False,True,False,True,False
25679.2,26418,2015,True,False,False,False,False,False,False,False,True,False,False,True,False
31274.7,14506,2010,True,False,False,False,False,False,False,True,False,False,False,True,False
27044.1,39120,2013,True,False,False,False,False,False,True,False,False,False,False,True,False
19938.2,81236,2018,True,False,False,False,False,False,False,False,True,False,False,True,False
28499.75,50007,2011,True,False,False,False,False,False,False,False,True,False,False,True,False
19677.8,86446,2018,True,False,False,False,False,True,False,False,False,False,False,True,False
20551.25,68977,2018,True,False,False,False,False,False,False,False,True,False,False,True,False
14462.95,130741,2021,True,False,False,False,False,False,True,False,False,False,False,True,False
23697.3,46054,2016,True,False,False,False,False,False,False,True,False,False,False,False,True
22526.55,89471,2015,True,False,False,False,False,False,False,False,False,True,False,False,True
20565.15,148697,2014,True,False,False,False,False,False,False,False,False,True,False,False,True
27647.35,87051,2010,True,False,False,False,False,False,False,False,True,False,False,False,True
17482.55,70347,2021,True,False,False,False,False,False,False,False,False,True,False,False,True
27587.65,68245,2011,True,False,False,False,False,False,False,True,False,False,False,False,True
26082.0,98362,2011,True,False,False,False,False,False,False,False,True,False,False,False,True
15258.95,114819,2021,True,False,False,False,False,True,False,False,False,False,False,False,True
24832.85,143341,2010,True,False,False,False,False,True,False,False,False,False,False,False,True
24699.35,26015,2016,True,False,False,False,False,False,False,False,True,False,False,False,True
28802.3,63956,2010,True,False,False,False,False,False,False,False,True,False,False,False,True
17688.65,106227,2019,True,False,False,False,False,False,True,False,False,False,False,False,True
27034.65,79307,2011,True,False,False,False,False,False,False,False,False,True,False,False,True
27713.55,65729,2011,True,False,False,False,False,False,True,False,False,False,False,False,True
20179.75,116407,2016,True,False,False,False,False,False,False,False,False,True,False,False,True
22666.25,66677,2016,True,False,False,False,False,False,False,True,False,False,False,False,True
21364.8,52704,2018,True,False,False,False,False,False,True,False,False,False,False,False,True
21254.2,34918,2019,True,False,False,False,False,False,True,False,False,False,False,False,True
27113.35,97733,2010,True,False,False,False,False,False,True,False,False,False,False,False,True
26655.35,46895,2013,True,False,False,False,False,False,False,True,False,False,False,False,True
15313.85,133725,2020,True,False,False,False,False,False,False,False,True,False,False,False,True
29634.95,27303,2011,True,False,False,False,False,False,False,False,True,False,False,False,True
22958.35,120835,2013,True,False,False,False,False,True,False,False,False,False,False,False,True
22519.45,149613,2012,True,False,False,False,False,True,False,False,False,False,False,False,True
14900.75,121983,2021,True,False,False,False,False,False,False,True,False,False,False,False,True
26312.1,33760,2014,True,False,False,False,False,False,False,False,True,False,False,False,True
21970.4,40594,2018,True,False,False,False,False,True,False,False,False,False,False,False,True
20512.25,29755,2020,True,False,False,False,False,False,True,False,False,False,False,False,True
28653.1,26940,2012,True,False,False,False,False,False,False,False,False,True,False,False,True
27533.85,69323,2011,True,False,False,False,False,True,False,False,False,False,False,False,True
20924.6,61510,2018,True,False,False,False,False,False,False,True,False,False,False,False,True
17528.05,149439,2017,True,False,False,False,False,False,False,False,False,True,False,False,True
20742.25,65155,2018,True,False,False,False,False,False,False,False,False,True,False,False,True
15631.9,87360,2022,True,False,False,False,False,True,False,False,False,False,False,False,True
15827.7,83446,2022,True,False,False,False,False,False,False,False,True,False,False,False,True
23633.55,87329,2014,True,False,False,False,False,True,False,False,False,False,False,False,True
21327.15,93459,2016,True,False,False,False,False,False,False,True,False,False,False,False,True
23344.55,133111,2012,True,False,False,False,False,False,False,False,False,True,False,False,True
22667.7,106646,2014,True,False,False,False,False,False,False,False,False,True,False,False,True
25687.75,66247,2013,True,False,False,False,False,False,False,True,False,False,False,False,True
25159.05,136821,2010,True,False,False,False,False,False,True,False,False,False,False,False,True
14854.2,122918,2021,True,False,False,False,False,False,False,False,True,False,False,False,True
16898.2,122038,2019,True,False,False,False,False,False,False,True,False,False,False,False,True
17006.05,79881,2021,True,False,False,False,False,False,True,False,False,False,False,False,True
20428.35,111433,2016,True,False,False,False,False,False,False,False,False,True,False,False,True
14698.3,146032,2020,True,False,False,False,False,False,False,False,True,False,False,False,True
25414.4,11712,2016,True,False,False,False,False,False,False,False,True,False,False,False,True
22532.15,69357,2016,True,False,False,False,False,False,False,False,True,False,False,False,True
22322.4,13554,2019,True,False,False,False,False,False,False,False,True,False,False,False,True
27519.2,89618,2010,True,False,False,False,False,True,False,False,False,False,False,False,True
17162.15,136757,2018,True,False,False,False,False,False,False,False,False,True,False,False,True
16620.3,107596,2020,True,False,False,False,False,False,True,False,False,False,False,False,True
23187.75,56247,2016,True,False,False,False,False,True,False,False,False,False,False,False,True
26534.05,109321,2010,True,False,False,False,False,True,False,False,False,False,False,False,True
24816.7,83668,2013,True,False,False,False,False,False,False,False,False,True,False,False,True
20710.65,105787,2016,True,False,False,False,False,False,True,False,False,False,False,False,True
30850.4,22994,2010,True,False,False,False,False,False,False,False,False,True,False,False,True
26751.4,44970,2013,True,False,False,False,False,False,False,False,True,False,False,False,True
28028.0,19440,2013,True,False,False,False,False,False,False,False,True,False,False,False,True
16456.4,70874,2022,True,False,False,False,False,False,False,True,False,False,False,False,True
21105.55,97889,2016,True,False,False,False,False,False,False,True,False,False,False,False,True
18904.45,101911,2018,True,False,False,False,False,False,False,False,True,False,False,False,True
18719.7,105608,2018,True,False,False,False,False,False,False,True,False,False,False,False,True
22719.05,85619,2015,True,False,False,False,False,False,False,False,False,True,False,False,True
22962.45,100753,2014,True,False,False,False,False,False,False,True,False,False,False,False,True
20340.25,133193,2015,True,False,False,False,False,False,False,True,False,False,False,False,True
15885.75,122285,2020,True,False,False,False,False,True,False,False,False,False,False,False,True
22450.8,50986,2017,True,False,False,False,False,True,False,False,False,False,False,False,True
16505.8,69882,2022,True,False,False,False,False,True,False,False,False,False,False,False,True
19821.85,63565,2019,True,False,False,False,False,False,False,True,False,False,True,False,False
16125.65,97489,2021,True,False,False,False,False,False,False,False,False,True,True,False,False
25927.8,121446,2010,True,False,False,False,False,False,True,False,False,False,True,False,False
20926.8,81466,2017,True,False,False,False,False,False,True,False,False,False,True,False,False
23683.4,106330,2013,True,False,False,False,False,True,False,False,False,False,True,False,False
19810.75,43785,2020,True,False,False,False,False,False,False,False,True,False,True,False,False
23894.1,102118,2013,True,False,False,False,False,False,False,False,False,True,True,False,False
22175.45,16493,2019,True,False,False,False,False,False,True,False,False,False,True,False,False
20688.2,66236,2018,True,False,False,False,False,True,False,False,False,False,True,False,False
21275.6,14488,2020,True,False,False,False,False,False,False,True,False,False,True,False,False
19910.45,141793,2015,True,False,False,False,False,False,False,False,False,True,True,False,False
20819.45,83613,2017,True,False,False,False,False,False,False,False,True,False,True,False,False
29857.9,22840,2011,True,False,False,False,False,False,False,True,False,False,True,False,False
14328.45,113433,2022,True,False,False,False,False,False,False,True,False,False,True,False,False
31093.95,18123,2010,True,False,False,False,False,True,False,False,False,False,True,False,False
18210.1,75798,2020,True,False,False,False,False,False,False,False,True,False,True,False,False
18312.0,73758,2020,True,False,False,False,False,False,False,True,False,False,True,False,False
17117.65,97649,2020,True,False,False,False,False,True,False,False,False,False,True,False,False
22688.1,126240,2013,True,False,False,False,False,True,False,False,False,False,True,False,False
18335.05,33301,2022,True,False,False,False,False,False,True,False,False,False,True,False,False
25604.35,127915,2010,True,False,False,False,False,False,False,False,True,False,True,False,False
27211.1,15780,2014,True,False,False,False,False,False,False,True,False,False,True,False,False
23510.85,49785,2016,True,False,False,False,False,False,False,False,False,True,True,False,False
27529.15,29419,2013,True,False,False,False,False,False,False,False,True,False,True,False,False
26481.1,10380,2015,True,False,False,False,False,True,False,False,False,False,True,False,False
21553.55,48931,2018,True,False,False,False,False,False,False,True,False,False,True,False,False
16188.95,116223,2020,True,False,False,False,False,False,False,True,False,False,True,False,False
24595.1,128100,2011,True,False,False,False,False,False,False,False,True,False,True,False,False
14551.3,128974,2021,True,False,False,False,False,True,False,False,False,False,True,False,False
18416.65,51669,2021,True,False,False,False,False,True,False,False,False,False,True,False,False
19801.5,63972,2019,True,False,False,False,False,False,False,True,False,False,True,False,False
24305.85,73885,2014,True,False,False,False,False,True,False,False,False,False,True,False,False
16617.45,147651,2018,True,False,False,False,False,False,True,False,False,False,True,False,False
27632.15,47357,2012,True,False,False,False,False,False,True,False,False,False,True,False,False
20625.95,47483,2019,True,False,False,False,False,False,True,False,False,False,True,False,False
18584.3,48316,2021,True,False,False,False,False,False,False,False,True,False,True,False,False
23449.85,51005,2016,True,False,False,False,False,False,True,False,False,False,True,False,False
25383.5,112332,2011,True,False,False,False,False,True,False,False,False,False,True,False,False
18875.2,102496,2018,True,False,False,False,False,False,False,False,True,False,True,False,False
18687.9,26242,2022,True,False,False,False,False,False,False,False,True,False,True,False,False
29531.15,29379,2011,True,False,False,False,False,False,False,False,False,True,True,False,False
25325.5,13492,2016,True,False,False,False,False,False,True,False,False,False,True,False,False
23914.25,21717,2017,True,False,False,False,False,True,False,False,False,False,True,False,False
17703.95,105923,2019,True,False,False,False,False,True,False,False,False,False,True,False,False
20665.1,46696,2019,True,False,False,False,False,False,False,False,True,False,True,False,False
21099.3,138012,2014,True,False,False,False,False,True,False,False,False,False,True,False,False
29497.3,50056,2010,True,False,False,False,False,False,True,False,False,False,True,False,False
15670.4,106594,2021,True,False,False,False,False,False,True,False,False,False,True,False,False
25769.05,44619,2014,True,False,False,False,False,False,False,False,False,True,True,False,False
19469.45,30611,2021,True,False,False,False,False,False,False,False,False,True,True,False,False
21920.65,121589,2014,True,False,False,False,False,False,True,False,False,False,True,False,False
25601.45,27971,2015,True,False,False,False,False,False,False,False,False,True,True,False,False
15871.9,102564,2021,True,False,False,False,False,False,False,False,True,False,True,False,False
27044.95,99101,2010,True,False,False,False,False,False,True,False,False,False,True,False,False
22406.65,71865,2016,True,False,False,False,False,False,True,False,False,False,True,False,False
22484.25,70317,2016,True,False,False,False,False,False,False,False,True,False,True,False,False
20138.2,37236,2020,True,False,False,False,False,False,False,False,False,True,True,False,False
16465.95,130681,2019,True,False,False,False,False,False,False,False,False,True,True,False,False
23883.4,22334,2017,True,False,False,False,False,False,True,False,False,False,True,False,False
13702.85,125945,2022,True,False,False,False,False,False,False,False,False,True,True,False,False
29353.05,52941,2010,True,False,False,False,False,False,False,False,True,False,True,False,False
19607.55,147849,2015,True,False,False,False,False,False,False,False,True,False,True,False,False
17624.35,127513,2018,True,False,False,False,False,False,True,False,False,False,True,False,False
22881.8,42364,2017,True,False,False,False,False,False,False,False,False,True,True,False,False
21659.15,66819,2017,True,False,False,False,False,False,False,False,True,False,True,False,False
20964.25,120715,2015,True,False,False,False,False,False,False,True,False,False,True,False,False
15714.2,85718,2022,True,False,False,False,False,True,False,False,False,False,True,False,False
26952.2,100958,2010,True,False,False,False,False,True,False,False,False,False,True,False,False
18397.6,112050,2018,True,False,False,False,False,False,True,False,False,False,True,False,False
28792.25,64157,2010,True,False,False,False,False,False,True,False,False,False,True,False,False
23201.05,35981,2017,True,False,False,False,False,False,True,False,False,False,True,False,False
23398.9,52022,2016,True,False,False,False,False,False,False,False,False,True,True,False,False
15707.4,125852,2020,True,False,False,False,False,True,False,False,False,False,True,False,False
25520.85,129583,2010,True,False,False,False,False,False,False,False,True,False,True,False,False
25364.85,52705,2014,True,False,False,False,False,False,False,True,False,False,True,False,False
23856.1,82880,2014,True,False,False,False,False,False,False,False,True,False,True,False,False
18994.0,40122,2021,True,False,False,False,False,False,False,False,True,False,True,False,False
26925.45,61491,2012,True,False,False,False,False,False,False,False,True,False,True,False,False
21449.6,51008,2018,True,False,False,False,False,True,False,False,False,False,True,False,False
26525.55,29491,2014,True,False,False,False,False,False,False,False,True,False,True,False,False
24427.45,71453,2014,True,False,False,False,False,False,True,False,False,False,True,False,False
26169.15,116617,2010,True,False,False,False,False,False,False,False,False,True,True,False,False
14611.0,107782,2022,True,False,False,False,False,False,False,True,False,False,True,False,False
14188.05,136237,2021,True,False,False,False,False,False,True,False,False,False,True,False,False
24163.1,16738,2017,True,False,False,False,False,False,False,True,False,False,True,False,False
23442.6,91148,2014,True,False,False,False,False,True,False,False,False,False,True,False,False
28016.25,79677,2010,True,False,False,False,False,False,True,False,False,False,True,False,False
14677.25,146457,2020,True,False,False,False,False,True,False,False,False,False,True,False,False
26396.6,72070,2012,True,False,False,False,False,True,False,False,False,False,True,False,False
27838.95,63223,2011,True,False,False,False,False,False,False,True,False,False,True,False,False
19253.5,34932,2021,True,False,False,False,False,False,False,False,True,False,True,False,False
29861.7,22768,2011,True,False,False,False,False,False,False,False,False,True,True,False,False
22713.15,45739,2017,True,False,False,False,False,False,False,True,False,False,True,False,False
16048.2,119038,2020,True,False,False,False,False,False,False,False,False,True,True,False,False
25410.35,11795,2016,True,False,False,False,False,False,False,True,False,False,True,False,False
14241.85,135165,2021,True,False,False,False,False,True,False,False,False,False,True,False,False
20800.35,43995,2019,True,False,False,False,False,False,True,False,False,False,True,False,False
19589.4,148214,2015,True,False,False,False,False,True,False,False,False,False,True,False,False
18540.1,149200,2016,True,False,False,False,False,True,False,False,False,False,True,False,False
16194.2,96118,2021,True,False,False,False,False,False,False,True,False,False,True,False,False
18305.65,133889,2017,True,False,False,False,False,True,False,False,False,False,True,False,False
17587.3,148254,2017,True,False,False,False,False,False,False,True,False,False,True,False,False
16985.8,120286,2019,True,False,False,False,False,False,True,False,False,False,True,False,False
25506.75,49867,2014,True,False,False,False,False,True,False,False,False,False,True,False,False
29208.8,15826,2012,True,False,False,False,False,False,False,True,False,False,True,False,False
19192.55,96151,2018,True,False,False,False,False,False,True,False,False,False,True,False,False
18772.75,84547,2019,True,False,False,False,False,False,False,True,False,False,True,False,False
23026.35,19475,2018,True,False,False,False,False,False,True,False,False,False,True,False,False
23667.15,126659,2012,True,False,False,False,False,True,False,False,False,False,True,False,False
17214.1,95720,2020,True,False,False,False,False,False,False,True,False,False,True,False,False
25482.3,70354,2013,True,False,False,False,False,True,False,False,False,False,True,False,False
29060.05,38801,2011,True,False,False,False,False,True,False,False,False,False,True,False,False
23299.35,114013,2013,True,False,False,False,False,False,True,False,False,False,True,False,False
18719.55,125611,2017,True,False,False,False,False,True,False,False,False,False,True,False,False
23323.95,93523,2014,True,False,False,False,False,False,False,False,True,False,True,False,False
21176.4,56474,2018,True,False,False,False,False,True,False,False,False,False,True,False,False
19192.65,96149,2018,True,False,False,False,False,False,False,False,True,False,True,False,False
25602.85,127943,2010,True,False,False,False,False,False,False,False,False,True,True,False,False
23273.65,74527,2015,True,False,False,False,False,True,False,False,False,False,True,False,False
26969.7,20608,2014,True,False,False,False,False,False,False,False,True,False,True,False,False
18064.85,38705,2022,False,True,False,False,False,False,True,False,False,False,False,True,False
26409.65,11809,2015,False,True,False,False,False,False,True,False,False,False,False,True,False
28067.75,38647,2012,False,True,False,False,False,False,True,False,False,False,False,True,False
25969.4,80614,2012,False,True,False,False,False,False,False,False,False,True,False,True,False
16616.8,107666,2020,False,True,False,False,False,False,False,True,False,False,False,True,False
24556.95,128863,2011,False,True,False,False,False,False,False,False,True,False,False,True,False
17086.8,78264,2021,False,True,False,False,False,False,False,True,False,False,False,True,False
29410.3,51796,2010,False,True,False,False,False,False,False,True,False,False,False,True,False
24878.1,122440,2011,False,True,False,False,False,True,False,False,False,False,False,True,False
30366.8,32664,2010,False,True,False,False,False,False,False,False,True,False,False,True,False
18951.1,120980,2017,False,True,False,False,False,False,True,False,False,False,False,True,False
25885.4,102294,2011,False,True,False,False,False,False,False,False,False,True,False,True,False
25040.65,99189,2012,False,True,False,False,False,True,False,False,False,False,False,True,False
24816.15,123679,2011,False,True,False,False,False,False,True,False,False,False,False,True,False
20298.45,14029,2021,False,True,False,False,False,False,True,False,False,False,False,True,False
23147.45,17053,2018,False,True,False,False,False,False,True,False,False,False,False,True,False
26162.6,56750,2013,False,True,False,False,False,False,False,True,False,False,False,True,False
22676.75,106467,2014,False,True,False,False,False,False,False,False,False,True,False,True,False
28250.7,74986,2010,False,True,False,False,False,False,True,False,False,False,False,True,False
28286.7,34266,2012,False,True,False,False,False,True,False,False,False,False,False,True,False
19901.55,21971,2021,False,True,False,False,False,False,True,False,False,False,False,True,False
21083.2,78336,2017,False,True,False,False,False,True,False,False,False,False,False,True,False
21935.1,121298,2014,False,True,False,False,False,False,True,False,False,False,False,False,True
17968.35,40633,2022,False,True,False,False,False,False,False,False,True,False,False,False,True
20680.35,126395,2015,False,True,False,False,False,False,False,False,False,True,False,False,True
25218.55,75631,2013,False,True,False,False,False,False,True,False,False,False,False,False,True
24886.0,102278,2012,False,True,False,False,False,False,True,False,False,False,False,False,True
25203.5,35930,2015,False,True,False,False,False,True,False,False,False,False,False,False,True
18240.3,135196,2017,False,True,False,False,False,True,False,False,False,False,False,False,True
27182.05,76361,2011,False,True,False,False,False,True,False,False,False,False,False,False,True
16264.65,74707,2022,False,True,False,False,False,False,True,False,False,False,False,False,True
17119.4,57614,2022,False,True,False,False,False,True,False,False,False,False,False,False,True
20855.55,62889,2018,False,True,False,False,False,False,False,True,False,False,False,False,True
22267.25,94655,2015,False,True,False,False,False,False,False,True,False,False,False,False,True
25305.65,13887,2016,False,True,False,False,False,False,False,False,False,True,False,False,True
26895.6,42090,2013,False,True,False,False,False,False,False,False,True,False,False,False,True
18080.4,98392,2019,False,True,False,False,False,False,False,True,False,False,False,False,True
21552.55,128951,2014,False,True,False,False,False,False,True,False,False,False,False,False,True
20349.2,93016,2017,False,True,False,False,False,False,False,False,False,True,False,False,True
16149.1,77020,2022,False,True,False,False,False,True,False,False,False,False,False,False,True
21184.25,16317,2020,False,True,False,False,False,False,False,False,False,True,False,False,True
14415.4,111694,2022,False,True,False,False,False,False,False,False,False,True,False,False,True
23575.4,48490,2016,False,True,False,False,False,False,False,False,False,True,False,False,True
22958.55,40831,2017,False,True,False,False,False,False,False,False,False,True,False,False,True
31275.0,14502,2010,False,True,False,False,False,False,False,True,False,False,False,False,True
21185.15,36297,2019,False,True,False,False,False,False,False,True,False,False,False,False,True
22477.0,110462,2014,False,True,False,False,False,False,True,False,False,False,False,False,True
20933.4,101330,2016,False,True,False,False,False,False,False,False,False,True,False,False,True
22213.05,55739,2017,False,True,False,False,False,False,True,False,False,False,False,False,True
21211.6,135770,2014,False,True,False,False,False,False,False,False,True,False,False,False,True
26189.5,36210,2014,False,True,False,False,False,False,True,False,False,False,False,False,True
24588.75,28225,2016,False,True,False,False,False,False,False,False,True,False,False,False,True
20251.3,114976,2016,False,True,False,False,False,False,True,False,False,False,False,False,True
25187.15,56259,2014,False,True,False,False,False,True,False,False,False,False,False,False,True
21771.2,24578,2019,False,True,False,False,False,False,False,False,True,False,False,False,True
30177.65,16447,2011,False,True,False,False,False,True,False,False,False,False,False,False,True
23291.05,134181,2012,False,True,False,False,False,False,False,False,True,False,False,False,True
24094.05,18119,2017,False,True,False,False,False,False,False,False,False,True,False,False,True
29334.8,13306,2012,False,True,False,False,False,False,True,False,False,False,False,False,True
19579.7,88406,2018,False,True,False,False,False,False,True,False,False,False,False,False,True
27197.9,76042,2011,False,True,False,False,False,True,False,False,False,False,False,False,True
24916.6,81670,2013,False,True,False,False,False,False,False,True,False,False,False,False,True
20107.95,97843,2017,False,True,False,False,False,False,True,False,False,False,False,False,True
28740.95,65181,2010,False,True,False,False,False,False,False,False,False,True,False,False,True
18608.2,127836,2017,False,True,False,False,False,False,True,False,False,False,False,False,True
19765.0,64700,2019,False,True,False,False,False,False,False,False,True,False,False,False,True
22712.3,45756,2017,False,True,False,False,False,True,False,False,False,False,False,False,True
17546.6,149068,2017,False,True,False,False,False,False,True,False,False,False,False,False,True
24025.85,79483,2014,False,True,False,False,False,False,False,False,True,False,False,False,True
23915.75,61687,2015,False,True,False,False,False,True,False,False,False,False,False,False,True
12896.0,142080,2022,False,True,False,False,False,False,True,False,False,False,False,False,True
16108.65,137827,2019,False,True,False,False,False,False,True,False,False,False,False,False,True
21492.45,30151,2019,False,True,False,False,False,True,False,False,False,False,False,False,True
24270.5,114588,2012,False,True,False,False,False,True,False,False,False,False,False,False,True
23067.35,138655,2012,False,True,False,False,False,False,False,True,False,False,False,False,True
21473.2,30538,2019,False,True,False,False,False,True,False,False,False,False,False,False,True
22340.05,13201,2019,False,True,False,False,False,False,True,False,False,False,False,False,True
19363.25,12737,2022,False,True,False,False,False,False,True,False,False,False,False,False,True
20507.55,109851,2016,False,True,False,False,False,True,False,False,False,False,False,False,True
19094.75,18107,2022,False,True,False,False,False,False,False,False,False,True,True,False,False
18251.05,34981,2022,False,True,False,False,False,False,False,True,False,False,True,False,False
27820.0,23600,2013,False,True,False,False,False,False,False,False,False,True,True,False,False
20465.45,110691,2016,False,True,False,False,False,True,False,False,False,False,True,False,False
28652.45,66951,2010,False,True,False,False,False,False,False,True,False,False,True,False,False
20544.55,69109,2018,False,True,False,False,False,False,False,False,False,True,True,False,False
18965.45,20693,2022,False,True,False,False,False,True,False,False,False,False,True,False,False
26717.55,105649,2010,False,True,False,False,False,False,True,False,False,False,True,False,False
28179.8,36404,2012,False,True,False,False,False,False,True,False,False,False,True,False,False
18383.1,132338,2017,False,True,False,False,False,False,False,False,True,False,True,False,False
19691.75,46163,2020,False,True,False,False,False,False,True,False,False,False,True,False,False
24139.65,57207,2015,False,True,False,False,False,False,False,False,True,False,True,False,False
17755.85,44885,2022,False,True,False,False,False,False,False,True,False,False,True,False,False
22004.0,119922,2014,False,True,False,False,False,False,False,True,False,False,True,False,False
26669.6,86608,2011,False,True,False,False,False,False,False,False,False,True,True,False,False
23655.45,26893,2017,False,True,False,False,False,False,False,True,False,False,True,False,False
20335.0,113300,2016,False,True,False,False,False,False,True,False,False,False,True,False,False
17467.05,130659,2018,False,True,False,False,False,False,False,False,False,True,True,False,False
20646.15,127075,2015,False,True,False,False,False,False,False,False,False,True,True,False,False
20995.75,20087,2020,False,True,False,False,False,False,False,False,True,False,True,False,False
12775.7,144488,2022,False,True,False,False,False,False,False,False,True,False,True,False,False
20449.7,11008,2021,False,True,False,False,False,False,False,True,False,False,True,False,False
27928.15,61439,2011,False,True,False,False,False,False,False,False,False,True,True,False,False
17148.95,77019,2021,False,True,False,False,False,False,False,False,True,False,True,False,False
16680.0,126402,2019,False,True,False,False,False,False,False,False,True,False,True,False,False
16445.5,131090,2019,False,True,False,False,False,False,False,False,False,True,True,False,False
23751.2,44978,2016,False,True,False,False,False,False,False,False,True,False,True,False,False
30496.15,10079,2011,False,True,False,False,False,False,False,True,False,False,True,False,False
16865.75,122685,2019,False,True,False,False,False,False,False,False,True,False,True,False,False
19523.25,109535,2017,False,True,False,False,False,True,False,False,False,False,True,False,False
21425.45,71493,2017,False,True,False,False,False,False,True,False,False,False,True,False,False
25763.0,64742,2013,False,True,False,False,False,False,False,False,True,False,True,False,False
30460.8,10786,2011,False,True,False,False,False,True,False,False,False,False,True,False,False
22130.45,97393,2015,False,True,False,False,False,False,True,False,False,False,True,False,False
23781.0,144382,2011,False,True,False,False,False,False,False,True,False,False,True,False,False
14822.65,123549,2021,False,True,False,False,False,True,False,False,False,False,True,False,False
21016.3,99676,2016,False,True,False,False,False,False,True,False,False,False,True,False,False
25409.9,31804,2015,False,True,False,False,False,True,False,False,False,False,True,False,False
18584.15,68319,2020,False,True,False,False,False,False,False,True,False,False,True,False,False
26374.35,72515,2012,False,True,False,False,False,False,False,True,False,False,True,False,False
28657.2,26858,2012,False,True,False,False,False,True,False,False,False,False,True,False,False
22328.8,13424,2019,False,True,False,False,False,False,False,True,False,False,True,False,False
21402.65,91947,2016,False,True,False,False,False,True,False,False,False,False,True,False,False
26097.85,58045,2013,False,True,False,False,False,True,False,False,False,False,True,False,False
16912.3,141756,2018,False,True,False,False,False,False,False,False,False,True,True,False,False
15834.55,123309,2020,False,True,False,False,False,False,False,False,True,False,True,False,False
18754.1,84918,2019,False,True,False,False,False,True,False,False,False,False,True,False,False
18078.35,118435,2018,False,True,False,False,False,False,True,False,False,False,True,False,False
25752.0,44962,2014,False,True,False,False,False,False,False,True,False,False,True,False,False
21866.55,42669,2018,False,True,False,False,False,False,False,False,True,False,True,False,False
16639.5,127210,2019,False,True,False,False,False,False,True,False,False,False,True,False,False
23831.85,23363,2017,False,True,False,False,False,False,False,True,False,False,True,False,False
27336.55,93271,2010,False,True,False,False,False,False,False,False,False,True,True,False,False
18703.7,25928,2022,False,True,False,False,False,False,False,True,False,False,True,False,False
19017.65,19645,2022,False,True,False,False,False,False,False,False,False,True,True,False,False
26400.5,71988,2012,False,True,False,False,False,False,False,False,True,False,True,False,False
23291.2,114176,2013,False,True,False,False,False,False,False,False,False,True,True,False,False
20888.55,42231,2019,False,True,False,False,False,False,False,False,True,False,True,False,False
21876.4,22474,2019,False,True,False,False,False,False,False,False,True,False,True,False,False
24908.55,101831,2012,False,True,False,False,False,True,False,False,False,False,True,False,False
19455.35,30893,2021,False,True,False,False,False,False,False,True,False,False,True,False,False
25264.15,134717,2010,False,True,False,False,False,True,False,False,False,False,True,False,False
12613.0,147742,2022,False,True,False,False,False,False,False,False,True,False,True,False,False
23540.9,129184,2012,False,True,False,False,False,False,False,False,False,True,True,False,False
26644.1,27120,2014,False,True,False,False,False,False,False,False,True,False,True,False,False
16511.0,89782,2021,False,True,False,False,False,False,False,False,False,True,True,False,False
25906.6,121868,2010,False,True,False,False,False,False,False,True,False,False,True,False,False
25669.05,106621,2011,False,True,False,False,False,False,False,False,False,True,True,False,False
17274.65,54507,2022,False,True,False,False,False,False,False,True,False,False,True,False,False
22045.9,99084,2015,False,True,False,False,False,False,False,False,True,False,True,False,False
14662.75,126747,2021,False,True,False,False,False,False,True,False,False,False,True,False,False
22749.75,105007,2014,False,True,False,False,False,False,False,False,False,True,True,False,False
25097.3,118056,2011,False,True,False,False,False,True,False,False,False,False,True,False,False
20855.25,102895,2016,False,True,False,False,False,False,False,False,False,True,True,False,False
26582.6,28350,2014,False,True,False,False,False,True,False,False,False,False,True,False,False
24171.1,116576,2012,False,True,False,False,False,False,False,True,False,False,True,False,False
28329.3,13416,2013,False,True,False,False,False,True,False,False,False,False,True,False,False
22912.85,121745,2013,False,True,False,False,False,False,False,False,True,False,True,False,False
20458.95,30823,2020,False,True,False,False,False,False,True,False,False,False,True,False,False
17942.6,61150,2021,False,True,False,False,False,False,True,False,False,False,True,False,False
23868.9,102622,2013,False,True,False,False,False,False,False,False,True,False,True,False,False
25071.25,58577,2014,False,True,False,False,False,False,False,True,False,False,True,False,False
18526.45,29471,2022,False,True,False,False,False,False,True,False,False,False,True,False,False
20425.1,91498,2017,False,True,False,False,False,False,True,False,False,False,True,False,False
17216.4,75674,2021,False,True,False,False,False,False,False,True,False,False,True,False,False
27248.15,55039,2012,False,True,False,False,False,False,False,True,False,False,True,False,False
22143.95,77119,2016,False,True,False,False,False,False,False,False,True,False,True,False,False
21593.45,28133,2019,False,True,False,False,False,False,False,False,False,True,True,False,False
17715.5,105690,2019,False,True,False,False,False,False,False,True,False,False,True,False,False
17450.65,90987,2020,False,True,False,False,False,False,False,False,True,False,True,False,False
19150.7,116988,2017,False,True,False,False,False,False,False,True,False,False,True,False,False
23309.75,93807,2014,False,True,False,False,False,False,False,False,True,False,True,False,False
15522.55,109551,2021,False,True,False,False,False,False,False,False,True,False,True,False,False
27038.4,99234,2010,False,True,False,False,False,False,True,False,False,False,True,False,False
28848.95,63023,2010,False,True,False,False,False,True,False,False,False,False,True,False,False
17226.0,75482,2021,False,True,False,False,False,False,False,False,False,True,True,False,False
25791.5,44172,2014,False,True,False,False,False,True,False,False,False,False,True,False,False
29736.15,25277,2011,False,True,False,False,False,False,False,True,False,False,True,False,False
26519.0,49622,2013,False,True,False,False,False,False,False,False,False,True,True,False,False
22876.95,82459,2015,False,True,False,False,False,True,False,False,False,False,True,False,False
19653.2,26938,2021,False,True,False,False,False,False,False,False,True,False,True,False,False
16983.05,60341,2022,False,True,False,False,False,False,True,False,False,False,True,False,False
28387.6,32250,2012,False,True,False,False,False,False,False,False,True,False,True,False,False
23001.4,79970,2015,False,True,False,False,False,False,False,False,True,False,True,False,False
29284.65,54309,2010,False,True,False,False,False,False,True,False,False,False,True,False,False
23238.05,135239,2012,False,True,False,False,False,False,True,False,False,False,True,False,False
24446.5,111072,2012,False,True,False,False,False,False,False,False,False,True,True,False,False
30347.4,13052,2011,False,True,False,False,False,False,True,False,False,False,True,False,False
22261.0,74780,2016,False,True,False,False,False,False,False,True,False,False,True,False,False
17852.3,42956,2022,False,True,False,False,False,True,False,False,False,False,True,False,False
22499.3,110014,2014,False,True,False,False,False,False,False,False,False,True,True,False,False
15600.05,108001,2021,False,True,False,False,False,False,True,False,False,False,True,False,False
22294.25,134117,2013,False,True,False,False,False,False,False,False,True,False,True,False,False
19482.3,70356,2019,False,True,False,False,False,False,False,False,False,True,True,False,False
26194.65,16105,2015,False,True,False,False,False,False,True,False,False,False,True,False,False
25360.9,12784,2016,False,True,False,False,False,False,False,True,False,False,True,False,False
25291.45,94169,2012,False,True,False,False,False,False,False,False,True,False,True,False,False
25661.65,66767,2013,False,True,False,False,False,True,False,False,False,False,True,False,False
20539.7,89206,2017,False,True,False,False,False,False,False,False,True,False,True,False,False
26305.1,53898,2013,False,True,False,False,False,False,False,True,False,False,True,False,False
24266.5,134672,2011,False,False,True,False,False,False,False,False,True,False,False,True,False
22544.7,69108,2016,False,False,True,False,False,False,False,False,False,True,False,True,False
31132.8,17346,2010,False,False,True,False,False,False,True,False,False,False,False,True,False
23798.95,144023,2011,False,False,True,False,False,False,True,False,False,False,False,True,False
17001.2,59978,2022,False,False,True,False,False,False,False,False,True,False,False,True,False
20217.25,35657,2020,False,False,True,False,False,True,False,False,False,False,False,True,False
26089.5,98208,2011,False,False,True,False,False,False,True,False,False,False,False,True,False
22142.35,97155,2015,False,False,True,False,False,False,True,False,False,False,False,True,False
23411.15,131779,2012,False,False,True,False,False,False,False,False,True,False,False,True,False
18147.0,137062,2017,False,False,True,False,False,False,True,False,False,False,False,True,False
21446.2,131078,2014,False,False,True,False,False,False,False,True,False,False,False,True,False
18657.35,86855,2019,False,False,True,False,False,False,False,False,False,True,False,True,False
18806.85,23865,2022,False,False,True,False,False,False,False,False,False,True,False,True,False
19737.05,125259,2016,False,False,True,False,False,False,True,False,False,False,False,True,False
20557.8,28846,2020,False,False,True,False,False,False,False,True,False,False,False,True,False
25775.75,24487,2015,False,False,True,False,False,False,False,False,True,False,False,True,False
23033.45,39333,2017,False,False,True,False,False,False,False,False,True,False,False,True,False
16169.55,116611,2020,False,False,True,False,False,False,False,False,True,False,False,True,False
23164.75,96707,2014,False,False,True,False,False,False,True,False,False,False,False,True,False
27752.85,24945,2013,False,False,True,False,False,False,True,False,False,False,False,True,False
18376.9,52464,2021,False,False,True,False,False,False,False,False,False,True,False,True,False
26273.95,74521,2012,False,False,True,False,False,True,False,False,False,False,False,True,False
26263.3,34734,2014,False,False,True,False,False,False,False,True,False,False,False,True,False
16780.05,104399,2020,False,False,True,False,False,False,False,False,False,True,False,True,False
21465.75,30687,2019,False,False,True,False,False,False,False,True,False,False,False,True,False
24141.05,137181,2011,False,False,True,False,False,True,False,False,False,False,False,True,False
25184.35,56311,2014,False,False,True,False,False,False,True,False,False,False,False,False,True
19000.55,119991,2017,False,False,True,False,False,False,False,False,True,False,False,False,True
25667.3,46654,2014,False,False,True,False,False,False,False,False,True,False,False,False,True
26434.4,111314,2010,False,False,True,False,False,False,True,False,False,False,False,False,True
19536.45,49271,2020,False,False,True,False,False,False,False,False,True,False,False,False,True
27057.3,18854,2014,False,False,True,False,False,False,False,False,False,True,False,False,True
24743.7,105128,2012,False,False,True,False,False,True,False,False,False,False,False,False,True
19004.5,59912,2020,False,False,True,False,False,False,False,False,False,True,False,False,True
22233.8,135326,2013,False,False,True,False,False,False,False,False,True,False,False,False,True
25143.45,117131,2011,False,False,True,False,False,False,False,True,False,False,False,False,True
24577.95,48441,2015,False,False,True,False,False,False,False,False,False,True,False,False,True
27657.15,26857,2013,False,False,True,False,False,False,False,False,False,True,False,False,True
20092.3,118154,2016,False,False,True,False,False,False,False,True,False,False,False,False,True
23631.15,107377,2013,False,False,True,False,False,False,False,False,True,False,False,False,True
16114.85,77705,2022,False,False,True,False,False,False,False,False,True,False,False,False,True
21780.3,24396,2019,False,False,True,False,False,False,True,False,False,False,False,False,True
20981.75,100367,2016,False,False,True,False,False,False,False,False,False,True,False,False,True
19470.15,130595,2016,False,False,True,False,False,False,False,False,False,True,False,False,True
23488.7,90224,2014,False,False,True,False,False,True,False,False,False,False,False,False,True
27978.0,40442,2012,False,False,True,False,False,True,False,False,False,False,False,False,True
30025.55,19491,2011,False,False,True,False,False,False,True,False,False,False,False,False,True
29594.5,28108,2011,False,False,True,False,False,True,False,False,False,False,False,False,True
28091.85,58163,2011,False,False,True,False,False,True,False,False,False,False,False,False,True
27028.15,19437,2014,False,False,True,False,False,False,True,False,False,False,False,False,True
14498.0,130042,2021,False,False,True,False,False,False,False,False,False,True,False,False,True
21318.2,53638,2018,False,False,True,False,False,False,False,False,False,True,False,False,True
15053.15,118937,2021,False,False,True,False,False,True,False,False,False,False,False,False,True
19804.85,103903,2017,False,False,True,False,False,False,True,False,False,False,False,False,True
18586.95,28261,2022,False,False,True,False,False,False,False,False,False,True,False,False,True
16935.7,81288,2021,False,False,True,False,False,False,False,False,False,True,False,False,True
14479.1,110420,2022,False,False,True,False,False,False,False,True,False,False,False,False,True
15072.7,98546,2022,False,False,True,False,False,False,False,True,False,False,False,False,True
24376.65,112469,2012,False,False,True,False,False,False,False,False,False,True,False,False,True
27141.6,17168,2014,False,False,True,False,False,False,False,True,False,False,False,False,True
13517.7,149648,2021,False,False,True,False,False,True,False,False,False,False,False,False,True
13877.3,142456,2021,False,False,True,False,False,True,False,False,False,False,False,False,True
21010.55,19789,2020,False,False,True,False,False,False,False,False,False,True,False,False,True
22824.35,103515,2014,False,False,True,False,False,False,False,False,True,False,False,False,True
24388.15,132239,2011,False,False,True,False,False,False,False,False,False,True,False,False,True
29345.05,33101,2011,False,False,True,False,False,False,False,False,True,False,False,False,True
18911.3,141774,2016,False,False,True,False,False,False,True,False,False,False,False,False,True
27111.9,77760,2011,False,False,True,False,False,False,False,True,False,False,False,False,True
24634.7,147306,2010,False,False,True,False,False,False,False,True,False,False,False,False,True
14169.6,136606,2021,False,False,True,False,False,False,False,True,False,False,False,False,True
22190.0,136202,2013,False,False,True,False,False,False,True,False,False,False,False,False,True
16896.8,122062,2019,False,False,True,False,False,False,False,False,False,True,False,False,True
24230.35,75393,2014,False,False,True,False,False,False,False,False,False,True,False,False,True
18765.5,104690,2018,False,False,True,False,False,False,True,False,False,False,False,False,True
21130.55,77391,2017,False,False,True,False,False,False,False,False,True,False,False,False,True
21948.5,81032,2016,False,False,True,False,False,False,False,False,True,False,False,False,True
18715.05,125701,2017,False,False,True,False,False,False,False,False,False,True,False,False,True
19333.3,133334,2016,False,False,True,False,False,False,False,False,True,False,False,False,True
26397.35,72053,2012,False,False,True,False,False,False,True,False,False,False,False,False,True
18813.8,103726,2018,False,False,True,False,False,False,False,True,False,False,False,False,True
24330.6,113390,2012,False,False,True,False,False,True,False,False,False,False,False,False,True
18296.0,34080,2022,False,False,True,False,False,False,False,True,False,False,True,False,False
28285.25,54295,2011,False,False,True,False,False,False,False,False,True,False,True,False,False
28813.1,63740,2010,False,False,True,False,False,False,True,False,False,False,True,False,False
19133.5,17332,2022,False,False,True,False,False,False,False,True,False,False,True,False,False
21988.2,40238,2018,False,False,True,False,False,False,True,False,False,False,True,False,False
25024.7,99506,2012,False,False,True,False,False,False,False,True,False,False,True,False,False
24568.15,68639,2014,False,False,True,False,False,False,False,False,False,True,True,False,False
24624.45,27511,2016,False,False,True,False,False,False,False,True,False,False,True,False,False
20010.0,119802,2016,False,False,True,False,False,False,False,False,False,True,True,False,False
20031.9,79364,2018,False,False,True,False,False,True,False,False,False,False,True,False,False
23568.85,28625,2017,False,False,True,False,False,False,True,False,False,False,True,False,False
16575.9,108484,2020,False,False,True,False,False,True,False,False,False,False,True,False,False
22029.2,79418,2016,False,False,True,False,False,False,False,False,False,True,True,False,False
22435.15,131297,2013,False,False,True,False,False,False,False,False,False,True,True,False,False
15046.65,119069,2021,False,False,True,False,False,False,False,False,False,True,True,False,False
20528.5,49430,2019,False,False,True,False,False,False,False,True,False,False,True,False,False
16158.65,96829,2021,False,False,True,False,False,False,False,False,False,True,True,False,False
30526.55,29471,2010,False,False,True,False,False,False,False,True,False,False,True,False,False
19386.4,72274,2019,False,False,True,False,False,False,False,False,True,False,True,False,False
22914.0,101720,2014,False,False,True,False,False,True,False,False,False,False,True,False,False
20738.75,145225,2014,False,False,True,False,False,False,False,False,True,False,True,False,False
23887.35,22255,2017,False,False,True,False,False,True,False,False,False,False,True,False,False
16713.65,105729,2020,False,False,True,False,False,False,False,False,False,True,True,False,False
26797.8,104044,2010,False,False,True,False,False,False,True,False,False,False,True,False,False
19806.9,143862,2015,False,False,True,False,False,False,False,True,False,False,True,False,False
24618.7,67624,2014,False,False,True,False,False,True,False,False,False,False,True,False,False
19518.9,29624,2021,False,False,True,False,False,False,False,False,False,True,True,False,False
22115.1,17700,2019,False,False,True,False,False,True,False,False,False,False,True,False,False
22903.75,81927,2015,False,False,True,False,False,False,False,False,False,True,True,False,False
23517.95,89643,2014,False,False,True,False,False,False,False,False,False,True,True,False,False
19664.9,146704,2015,False,False,True,False,False,False,False,True,False,False,True,False,False
19037.0,79262,2019,False,False,True,False,False,False,False,False,True,False,True,False,False
28411.35,51775,2011,False,False,True,False,False,False,False,True,False,False,True,False,False
19724.15,125517,2016,False,False,True,False,False,False,True,False,False,False,True,False,False
24381.1,72376,2014,False,False,True,False,False,False,False,False,False,True,True,False,False
21851.6,142970,2013,False,False,True,False,False,False,False,False,False,True,True,False,False
22957.45,140853,2012,False,False,True,False,False,False,True,False,False,False,True,False,False
27592.95,28141,2013,False,False,True,False,False,False,False,False,False,True,True,False,False
16823.9,103522,2020,False,False,True,False,False,True,False,False,False,False,True,False,False
21830.5,63390,2017,False,False,True,False,False,False,False,False,False,True,True,False,False
25055.55,58887,2014,False,False,True,False,False,True,False,False,False,False,True,False,False
25410.2,51798,2014,False,False,True,False,False,False,True,False,False,False,True,False,False
20943.95,101123,2016,False,False,True,False,False,True,False,False,False,False,True,False,False
28104.3,17912,2013,False,False,True,False,False,False,True,False,False,False,True,False,False
21447.5,11052,2020,False,False,True,False,False,False,False,False,False,True,True,False,False
16953.65,60927,2022,False,False,True,False,False,True,False,False,False,False,True,False,False
21461.55,70771,2017,False,False,True,False,False,False,False,False,False,True,True,False,False
19515.9,89682,2018,False,False,True,False,False,True,False,False,False,False,True,False,False
19841.65,63167,2019,False,False,True,False,False,False,False,False,False,True,True,False,False
23669.85,46605,2016,False,False,True,False,False,False,False,False,True,False,True,False,False
26504.2,109918,2010,False,False,True,False,False,True,False,False,False,False,True,False,False
24763.05,44741,2015,False,False,True,False,False,False,False,False,True,False,True,False,False
27324.25,33515,2013,False,False,True,False,False,False,False,False,True,False,True,False,False
19433.2,71338,2019,False,False,True,False,False,True,False,False,False,False,True,False,False
22993.0,140142,2012,False,False,True,False,False,False,False,False,False,True,True,False,False
23654.4,46914,2016,False,False,True,False,False,True,False,False,False,False,True,False,False
20087.3,78256,2018,False,False,True,False,False,False,False,True,False,False,True,False,False
17159.0,136822,2018,False,False,True,False,False,False,False,True,False,False,True,False,False
19445.65,31087,2021,False,False,True,False,False,True,False,False,False,False,True,False,False
25415.45,131693,2010,False,False,True,False,False,True,False,False,False,False,True,False,False
12875.9,142482,2022,False,False,True,False,False,False,False,True,False,False,True,False,False
29209.85,35805,2011,False,False,True,False,False,False,False,False,True,False,True,False,False
22607.6,27846,2018,False,False,True,False,False,False,False,True,False,False,True,False,False
16697.1,66060,2022,False,False,True,False,False,True,False,False,False,False,True,False,False
26933.15,21339,2014,False,False,True,False,False,False,False,False,False,True,True,False,False
25916.2,121674,2010,False,False,True,False,False,False,True,False,False,False,True,False,False
20199.2,96018,2017,False,False,True,False,False,False,False,True,False,False,True,False,False
26257.7,114848,2010,False,False,True,False,False,True,False,False,False,False,True,False,False
25809.75,123807,2010,False,False,True,False,False,True,False,False,False,False,True,False,False
18334.2,33316,2022,False,False,True,False,False,True,False,False,False,False,True,False,False
19919.35,121615,2016,False,False,True,False,False,True,False,False,False,False,True,False,False
17784.25,64317,2021,False,False,True,False,False,True,False,False,False,False,True,False,False
22827.3,143456,2012,False,False,True,False,False,False,False,False,False,True,True,False,False
21084.9,98304,2016,False,False,True,False,False,False,False,False,False,True,True,False,False
20426.6,31470,2020,False,False,True,False,False,False,False,False,False,True,True,False,False
17831.3,63376,2021,False,False,True,False,False,True,False,False,False,False,True,False,False
15701.5,85972,2022,False,False,True,False,False,False,False,False,False,True,True,False,False
26628.0,87442,2011,False,False,True,False,False,False,False,False,False,True,True,False,False
27172.9,36544,2013,False,False,True,False,False,False,False,False,True,False,True,False,False
19646.25,147077,2015,False,False,True,False,False,False,False,False,False,True,True,False,False
25234.1,75318,2013,False,False,True,False,False,False,True,False,False,False,True,False,False
17161.25,136777,2018,False,False,True,False,False,False,False,False,False,True,True,False,False
21545.1,29100,2019,False,False,True,False,False,False,True,False,False,False,True,False,False
16771.05,84577,2021,False,False,True,False,False,False,False,True,False,False,True,False,False
26674.95,86503,2011,False,False,True,False,False,False,False,False,True,False,True,False,False
20428.85,31423,2020,False,False,True,False,False,False,False,False,True,False,True,False,False
17698.25,106037,2019,False,False,True,False,False,False,False,False,True,False,True,False,False
19567.6,108648,2017,False,False,True,False,False,False,True,False,False,False,True,False,False
25107.25,77857,2013,False,False,True,False,False,False,False,False,True,False,True,False,False
20855.55,122891,2015,False,False,True,False,False,False,True,False,False,False,True,False,False
20856.15,122879,2015,False,False,True,False,False,False,False,True,False,False,True,False,False
24126.4,137472,2011,False,False,True,False,False,False,False,False,False,True,True,False,False
21990.5,80192,2016,False,False,True,False,False,True,False,False,False,False,True,False,False
22234.75,35305,2018,False,False,True,False,False,False,True,False,False,False,True,False,False
20290.85,94183,2017,False,False,True,False,False,False,False,True,False,False,True,False,False
27583.55,48331,2012,False,False,True,False,False,False,False,True,False,False,True,False,False
27160.9,36782,2013,False,False,True,False,False,False,True,False,False,False,True,False,False
24879.8,102406,2012,False,False,True,False,False,False,True,False,False,False,True,False,False
12969.85,140603,2022,False,False,True,False,False,True,False,False,False,False,True,False,False
24222.85,15545,2017,False,False,True,False,False,True,False,False,False,False,True,False,False
29619.55,47611,2010,False,False,True,False,False,False,False,True,False,False,True,False,False
28592.15,68159,2010,False,False,True,False,False,True,False,False,False,False,True,False,False
25398.3,112032,2011,False,False,True,False,False,False,False,True,False,False,True,False,False
28948.65,21025,2012,False,False,True,False,False,False,False,False,True,False,True,False,False
25821.35,103575,2011,False,False,True,False,False,False,True,False,False,False,True,False,False
27494.1,10120,2014,False,False,True,False,False,False,False,True,False,False,True,False,False
21207.65,55849,2018,False,False,True,False,False,False,False,True,False,False,True,False,False
17235.05,115299,2019,False,False,True,False,False,False,False,True,False,False,True,False,False
25795.5,84092,2012,False,False,True,False,False,False,True,False,False,False,True,False,False
18233.7,75326,2020,False,False,True,False,False,False,True,False,False,False,True,False,False
28927.6,61450,2010,False,False,True,False,False,False,True,False,False,False,True,False,False
27278.4,94434,2010,False,False,True,False,False,False,False,False,False,True,True,False,False
20415.7,31688,2020,False,False,True,False,False,False,False,False,False,True,True,False,False
23798.4,24030,2017,False,False,True,False,False,False,True,False,False,False,True,False,False
24064.7,38708,2016,False,False,True,False,False,False,False,True,False,False,True,False,False
15218.5,135632,2020,False,False,True,False,False,True,False,False,False,False,True,False,False
28146.6,57068,2011,False,False,True,False,False,False,True,False,False,False,True,False,False
24456.4,50874,2015,False,False,True,False,False,False,False,False,False,True,True,False,False
27198.35,56035,2012,False,False,False,True,False,False,False,False,False,True,False,True,False
29519.85,29605,2011,False,False,False,True,False,False,True,False,False,False,False,True,False
17137.95,137243,2018,False,False,False,True,False,False,False,False,False,True,False,True,False
19901.35,81973,2018,False,False,False,True,False,False,False,False,False,True,False,True,False
24142.15,137159,2011,False,False,False,True,False,False,False,False,False,True,False,True,False
18930.45,41393,2021,False,False,False,True,False,False,False,True,False,False,False,True,False
22893.95,102123,2014,False,False,False,True,False,True,False,False,False,False,False,True,False
29377.05,32459,2011,False,False,False,True,False,False,False,False,False,True,False,True,False
21542.1,89158,2016,False,False,False,True,False,False,False,True,False,False,False,True,False
16851.2,62974,2022,False,False,False,True,False,False,True,False,False,False,False,True,False
23105.8,37884,2017,False,False,False,True,False,False,False,False,True,False,False,True,False
25828.9,43424,2014,False,False,False,True,False,False,True,False,False,False,False,True,False
16338.9,73222,2022,False,False,False,True,False,False,True,False,False,False,False,True,False
17986.5,60272,2021,False,False,False,True,False,False,False,False,True,False,False,True,False
15287.3,94256,2022,False,False,False,True,False,True,False,False,False,False,False,True,False
21419.5,131612,2014,False,False,False,True,False,False,True,False,False,False,False,True,False
19200.5,15992,2022,False,False,False,True,False,True,False,False,False,False,False,True,False
30136.75,37265,2010,False,False,False,True,False,False,False,True,False,False,False,True,False
28918.2,41636,2011,False,False,False,True,False,False,False,False,True,False,False,True,False
20669.4,106614,2016,False,False,False,True,False,True,False,False,False,False,False,True,False
20904.4,101914,2016,False,False,False,True,False,False,False,False,False,True,False,False,True
20347.4,33054,2020,False,False,False,True,False,True,False,False,False,False,False,False,True
25916.4,61672,2013,False,False,False,True,False,False,False,True,False,False,False,False,True
16966.65,100665,2020,False,False,False,True,False,True,False,False,False,False,False,False,True
30142.65,17149,2011,False,False,False,True,False,False,False,False,True,False,False,False,True
26081.2,58378,2013,False,False,False,True,False,False,True,False,False,False,False,False,True
17344.8,133106,2018,False,False,False,True,False,True,False,False,False,False,False,False,True
27498.15,70039,2011,False,False,False,True,False,False,False,False,False,True,False,False,True
25543.1,89140,2012,False,False,False,True,False,False,False,False,True,False,False,False,True
27889.4,82212,2010,False,False,False,True,False,False,True,False,False,False,False,False,True
22315.4,93694,2015,False,False,False,True,False,False,True,False,False,False,False,False,True
27120.15,77599,2011,False,False,False,True,False,False,False,False,False,True,False,False,True
28849.8,23004,2012,False,False,False,True,False,True,False,False,False,False,False,False,True
25864.95,22701,2015,False,False,False,True,False,False,False,True,False,False,False,False,True
23561.9,48764,2016,False,False,False,True,False,False,False,False,True,False,False,False,True
21620.7,27588,2019,False,False,False,True,False,False,False,True,False,False,False,False,True
26542.65,49149,2013,False,False,False,True,False,False,False,False,True,False,False,False,True
22160.9,56782,2017,False,False,False,True,False,True,False,False,False,False,False,False,True
22372.15,12555,2019,False,False,False,True,False,True,False,False,False,False,False,False,True
18143.15,57139,2021,False,False,False,True,False,False,False,True,False,False,False,False,True
29499.45,50011,2010,False,False,False,True,False,False,False,False,True,False,False,False,True
25434.75,11305,2016,False,False,False,True,False,False,False,False,False,True,False,False,True
23502.7,69944,2015,False,False,False,True,False,False,True,False,False,False,False,False,True
25069.3,78616,2013,False,False,False,True,False,True,False,False,False,False,False,False,True
29561.9,48764,2010,False,False,False,True,False,False,False,False,True,False,False,False,True
15816.65,83667,2022,False,False,False,True,False,False,False,False,False,True,False,False,True
26081.05,98379,2011,False,False,False,True,False,False,False,True,False,False,False,False,True
15635.6,87290,2022,False,False,False,True,False,False,True,False,False,False,False,False,True
24004.55,39911,2016,False,False,False,True,False,False,False,False,True,False,False,False,True
26828.35,43433,2013,False,False,False,True,False,False,True,False,False,False,False,False,True
27972.7,60548,2011,False,False,False,True,False,True,False,False,False,False,False,False,True
18313.35,93735,2019,False,False,False,True,False,True,False,False,False,False,False,False,True
16834.05,103321,2020,False,False,False,True,False,False,False,False,False,True,False,False,True
22646.65,27069,2018,False,False,False,True,False,False,True,False,False,False,False,False,True
14867.55,122651,2021,False,False,False,True,False,False,False,True,False,False,False,False,True
26463.4,90734,2011,False,False,False,True,False,True,False,False,False,False,False,False,True
20421.95,131563,2015,False,False,False,True,False,False,True,False,False,False,False,False,True
16079.95,98401,2021,False,False,False,True,False,False,False,False,False,True,False,False,True
29895.05,42099,2010,False,False,False,True,False,False,False,False,True,False,False,False,True
22422.6,91550,2015,False,False,False,True,False,False,False,True,False,False,False,False,True
26576.1,48480,2013,False,False,False,True,False,False,False,False,True,False,False,False,True
19201.15,55979,2020,False,False,False,True,False,False,False,False,True,False,False,False,True
20780.35,24393,2020,False,False,False,True,False,True,False,False,False,False,False,False,True
18472.55,70547,2020,False,False,False,True,False,False,False,False,False,True,False,False,True
27765.05,84697,2010,False,False,False,True,False,False,False,False,True,False,False,False,True
26119.65,37607,2014,False,False,False,True,False,False,False,False,True,False,False,False,True
23683.6,106330,2013,False,False,False,True,False,False,False,False,True,False,False,False,True
27623.3,47534,2012,False,False,False,True,False,False,False,True,False,False,False,False,True
20009.7,59808,2019,False,False,False,True,False,True,False,False,False,False,False,False,True
18747.45,125049,2017,False,False,False,True,False,False,False,False,True,False,False,False,True
17192.15,56155,2022,False,False,False,True,False,True,False,False,False,False,False,False,True
20208.85,75823,2018,False,False,False,True,False,False,False,False,True,False,False,False,True
26177.75,36447,2014,False,False,False,True,False,False,False,True,False,False,False,False,True
19936.1,61278,2019,False,False,False,True,False,True,False,False,False,False,False,False,True
29955.55,40889,2010,False,False,False,True,False,False,False,True,False,False,False,False,True
26046.6,19070,2015,False,False,False,True,False,False,True,False,False,False,False,False,True
22643.4,67134,2016,False,False,False,True,False,True,False,False,False,False,False,False,True
15010.8,119784,2021,False,False,False,True,False,False,True,False,False,False,True,False,False
24189.9,96202,2013,False,False,False,True,False,False,True,False,False,False,True,False,False
22145.85,77083,2016,False,False,False,True,False,False,False,False,False,True,True,False,False
29321.65,33565,2011,False,False,False,True,False,True,False,False,False,False,True,False,False
31034.15,19317,2010,False,False,False,True,False,False,False,False,False,True,True,False,False
18802.1,103960,2018,False,False,False,True,False,False,False,False,True,False,True,False,False
22844.3,23116,2018,False,False,False,True,False,True,False,False,False,False,True,False,False
15725.45,105493,2021,False,False,False,True,False,False,False,False,False,True,True,False,False
30262.9,14744,2011,False,False,False,True,False,False,False,True,False,False,True,False,False
29376.15,52477,2010,False,False,False,True,False,True,False,False,False,False,True,False,False
20101.1,37978,2020,False,False,False,True,False,False,False,False,True,False,True,False,False
24309.4,53814,2015,False,False,False,True,False,False,False,True,False,False,True,False,False
22461.1,50778,2017,False,False,False,True,False,False,False,False,True,False,True,False,False
17102.7,57948,2022,False,False,False,True,False,False,False,False,False,True,True,False,False
26276.15,94477,2011,False,False,False,True,False,False,False,False,True,False,True,False,False
20419.25,31617,2020,False,False,False,True,False,False,False,True,False,False,True,False,False
27002.55,39951,2013,False,False,False,True,False,True,False,False,False,False,True,False,False
21400.35,11995,2020,False,False,False,True,False,True,False,False,False,False,True,False,False
29791.3,44176,2010,False,False,False,True,False,False,True,False,False,False,True,False,False
18560.8,88786,2019,False,False,False,True,False,False,True,False,False,False,True,False,False
25063.85,118725,2011,False,False,False,True,False,False,False,False,False,True,True,False,False
18591.95,88161,2019,False,False,False,True,False,False,False,True,False,False,True,False,False
22752.55,64951,2016,False,False,False,True,False,False,False,True,False,False,True,False,False
21025.55,99491,2016,False,False,False,True,False,False,False,False,True,False,True,False,False
23532.75,149343,2011,False,False,False,True,False,True,False,False,False,False,True,False,False
19830.15,63399,2019,False,False,False,True,False,False,True,False,False,False,True,False,False
22058.15,98839,2015,False,False,False,True,False,False,True,False,False,False,True,False,False
27514.0,29720,2013,False,False,False,True,False,False,True,False,False,False,True,False,False
21060.25,38797,2019,False,False,False,True,False,False,True,False,False,False,True,False,False
24275.55,74491,2014,False,False,False,True,False,False,True,False,False,False,True,False,False
28432.65,31349,2012,False,False,False,True,False,False,True,False,False,False,True,False,False
24142.75,57147,2015,False,False,False,True,False,False,False,False,True,False,True,False,False
27279.85,14405,2014,False,False,False,True,False,False,False,False,False,True,True,False,False
17265.4,94694,2020,False,False,False,True,False,False,False,False,False,True,True,False,False
21827.5,103452,2015,False,False,False,True,False,False,False,False,True,False,True,False,False
15660.45,106793,2021,False,False,False,True,False,False,False,True,False,False,True,False,False
26018.55,39631,2014,False,False,False,True,False,False,False,False,False,True,True,False,False
15135.95,117283,2021,False,False,False,True,False,False,False,True,False,False,True,False,False
17121.3,117574,2019,False,False,False,True,False,False,False,True,False,False,True,False,False
21718.2,45636,2018,False,False,False,True,False,True,False,False,False,False,True,False,False
20973.3,80534,2017,False,False,False,True,False,False,False,True,False,False,True,False,False
30366.5,12670,2011,False,False,False,True,False,False,True,False,False,False,True,False,False
22801.95,23963,2018,False,False,False,True,False,False,False,False,True,False,True,False,False
25016.7,79668,2013,False,False,False,True,False,False,False,False,False,True,True,False,False
18322.4,93552,2019,False,False,False,True,False,False,False,True,False,False,True,False,False
22937.25,61257,2016,False,False,False,True,False,True,False,False,False,False,True,False,False
23215.55,75691,2015,False,False,False,True,False,False,True,False,False,False,True,False,False
19690.5,86192,2018,False,False,False,True,False,False,False,False,False,True,True,False,False
15907.0,101862,2021,False,False,False,True,False,True,False,False,False,False,True,False,False
24922.5,121548,2011,False,False,False,True,False,False,False,False,False,True,True,False,False
19617.0,127662,2016,False,False,False,True,False,False,False,True,False,False,True,False,False
28271.5,74570,2010,False,False,False,True,False,False,False,True,False,False,True,False,False
25249.95,55001,2014,False,False,False,True,False,False,False,False,False,True,True,False,False
23533.95,109321,2013,False,False,False,True,False,False,False,False,True,False,True,False,False
20706.4,25872,2020,False,False,False,True,False,False,True,False,False,False,True,False,False
23113.0,77740,2015,False,False,False,True,False,True,False,False,False,False,True,False,False
25385.9,32282,2015,False,False,False,True,False,False,False,True,False,False,True,False,False
24418.85,51625,2015,False,False,False,True,False,False,True,False,False,False,True,False,False
21322.5,133552,2014,False,False,False,True,False,False,False,False,False,True,True,False,False
19447.25,11057,2022,False,False,False,True,False,False,False,False,True,False,True,False,False
16792.15,144159,2018,False,False,False,True,False,False,True,False,False,False,True,False,False
13118.05,137639,2022,False,False,False,True,False,True,False,False,False,False,True,False,False
27529.15,29419,2013,False,False,False,True,False,True,False,False,False,False,True,False,False
23313.85,13723,2018,False,False,False,True,False,False,True,False,False,False,True,False,False
19729.2,105416,2017,False,False,False,True,False,True,False,False,False,False,True,False,False
26321.2,73578,2012,False,False,False,True,False,False,False,False,False,True,True,False,False
20714.1,65718,2018,False,False,False,True,False,False,True,False,False,False,True,False,False
29282.7,54344,2010,False,False,False,True,False,False,True,False,False,False,True,False,False
23018.55,99627,2014,False,False,False,True,False,False,False,False,True,False,True,False,False
21223.55,95531,2016,False,False,False,True,False,False,True,False,False,False,True,False,False
20323.0,53540,2019,False,False,False,True,False,False,True,False,False,False,True,False,False
19588.3,88234,2018,False,False,False,True,False,True,False,False,False,False,True,False,False
23464.75,90705,2014,False,False,False,True,False,False,False,False,False,True,True,False,False
17756.2,104878,2019,False,False,False,True,False,True,False,False,False,False,True,False,False
25810.7,103788,2011,False,False,False,True,False,False,True,False,False,False,True,False,False
22515.7,109684,2014,False,False,False,True,False,True,False,False,False,False,True,False,False
19106.05,97881,2018,False,False,False,True,False,True,False,False,False,False,True,False,False
22510.4,149794,2012,False,False,False,True,False,True,False,False,False,False,True,False,False
25269.7,54608,2014,False,False,False,True,False,False,True,False,False,False,True,False,False
17615.0,47702,2022,False,False,False,True,False,True,False,False,False,False,True,False,False
18853.4,62934,2020,False,False,False,True,False,False,False,False,True,False,True,False,False
22001.6,139970,2013,False,False,False,True,False,False,True,False,False,False,True,False,False
20766.05,144681,2014,False,False,False,True,False,True,False,False,False,False,True,False,False
17160.55,96791,2020,False,False,False,True,False,False,False,True,False,False,True,False,False
30455.25,10893,2011,False,False,False,True,False,False,False,False,True,False,True,False,False
21333.1,73340,2017,False,False,False,True,False,False,False,False,False,True,True,False,False
18824.5,123512,2017,False,False,False,True,False,False,True,False,False,False,True,False,False
16809.4,123810,2019,False,False,False,True,False,False,False,False,False,True,True,False,False
26022.0,59560,2013,False,False,False,True,False,False,False,False,False,True,True,False,False
22694.15,106119,2014,False,False,False,True,False,False,False,False,True,False,True,False,False
16389.95,72203,2022,False,False,False,True,False,False,False,False,False,True,True,False,False
26305.6,33890,2014,False,False,False,True,False,False,False,False,False,True,True,False,False
26935.75,41285,2013,False,False,False,True,False,False,True,False,False,False,True,False,False
23608.65,47829,2016,False,False,False,True,False,False,False,False,False,True,True,False,False
28911.4,21770,2012,False,False,False,True,False,True,False,False,False,False,True,False,False
24867.2,82654,2013,False,False,False,True,False,False,False,False,False,True,True,False,False
18806.85,23865,2022,False,False,False,True,False,False,False,True,False,False,True,False,False
24120.85,97585,2013,False,False,False,True,False,False,False,False,True,False,True,False,False
16781.8,84366,2021,False,False,False,True,False,True,False,False,False,False,True,False,False
14664.05,126719,2021,False,False,False,True,False,True,False,False,False,False,True,False,False
27807.1,43860,2012,False,False,False,True,False,True,False,False,False,False,True,False,False
18164.35,96715,2019,False,False,False,True,False,False,False,True,False,False,True,False,False
23570.0,108600,2013,False,False,False,True,False,False,False,True,False,False,True,False,False
19113.05,97741,2018,False,False,False,True,False,False,False,True,False,False,True,False,False
17168.65,136627,2018,False,False,False,True,False,True,False,False,False,False,True,False,False
26913.0,81738,2011,False,False,False,True,False,False,False,False,True,False,True,False,False
24055.45,98891,2013,False,False,False,True,False,False,False,False,True,False,True,False,False
17941.75,41167,2022,False,False,False,True,False,True,False,False,False,False,True,False,False
23545.4,109094,2013,False,False,False,True,False,True,False,False,False,False,True,False,False
24548.5,149032,2010,False,False,False,True,False,False,True,False,False,False,True,False,False
18580.6,128390,2017,False,False,False,True,False,False,False,False,False,True,True,False,False
26341.85,53165,2013,False,False,False,False,True,False,False,False,True,False,False,True,False
21156.45,96869,2016,False,False,False,False,True,False,False,True,False,False,False,True,False
23019.05,119617,2013,False,False,False,False,True,False,False,False,True,False,False,True,False
19544.4,69114,2019,False,False,False,False,True,False,True,False,False,False,False,True,False
14463.65,110727,2022,False,False,False,False,True,True,False,False,False,False,False,True,False
27509.55,89811,2010,False,False,False,False,True,False,True,False,False,False,False,True,False
14197.5,136052,2021,False,False,False,False,True,True,False,False,False,False,False,True,False
17649.75,127007,2018,False,False,False,False,True,False,True,False,False,False,False,True,False
20377.6,52450,2019,False,False,False,False,True,False,False,False,True,False,False,True,False
17004.15,99917,2020,False,False,False,False,True,False,False,False,True,False,False,True,False
21456.6,70870,2017,False,False,False,False,True,False,False,True,False,False,False,True,False
26793.6,24128,2014,False,False,False,False,True,False,False,False,False,True,False,True,False
20964.1,120720,2015,False,False,False,False,True,False,False,False,False,True,False,True,False
25842.9,123140,2010,False,False,False,False,True,False,False,False,False,True,False,True,False
19519.45,129611,2016,False,False,False,False,True,False,False,False,False,True,False,True,False
27504.65,29909,2013,False,False,False,False,True,False,False,False,True,False,False,True,False
16401.7,131966,2019,False,False,False,False,True,False,False,False,False,True,False,True,False
13619.9,127604,2022,False,False,False,False,True,False,False,False,False,True,False,True,False
24488.75,50227,2015,False,False,False,False,True,False,False,False,True,False,False,True,False
27749.9,85004,2010,False,False,False,False,True,False,True,False,False,False,False,True,False
17693.25,86137,2020,False,False,False,False,True,True,False,False,False,False,False,True,False
25884.5,22308,2015,False,False,False,False,True,False,False,True,False,False,False,True,False
23271.95,94561,2014,False,False,False,False,True,False,False,True,False,False,False,True,False
20164.4,116714,2016,False,False,False,False,True,False,False,False,True,False,False,True,False
29126.2,37478,2011,False,False,False,False,True,False,False,False,True,False,False,True,False
17124.95,117503,2019,False,False,False,False,True,False,False,False,False,True,False,False,True
14002.85,139945,2021,False,False,False,False,True,False,True,False,False,False,False,False,True
24379.6,72408,2014,False,False,False,False,True,True,False,False,False,False,False,False,True
23558.35,88835,2014,False,False,False,False,True,False,False,True,False,False,False,False,True
18901.5,81972,2019,False,False,False,False,True,False,False,True,False,False,False,False,True
19457.8,90846,2018,False,False,False,False,True,False,False,True,False,False,False,False,True
22944.45,141113,2012,False,False,False,False,True,True,False,False,False,False,False,False,True
16729.15,85415,2021,False,False,False,False,True,False,True,False,False,False,False,False,True
19119.95,117603,2017,False,False,False,False,True,False,False,False,True,False,False,False,True
22636.8,127266,2013,False,False,False,False,True,False,False,False,False,True,False,False,True
19114.25,137717,2016,False,False,False,False,True,True,False,False,False,False,False,False,True
21174.25,116517,2015,False,False,False,False,True,False,False,False,True,False,False,False,True
20574.75,148505,2014,False,False,False,False,True,False,True,False,False,False,False,False,True
25248.75,15027,2016,False,False,False,False,True,False,False,False,True,False,False,False,True
20777.85,44445,2019,False,False,False,False,True,False,False,True,False,False,False,False,True
26149.9,17004,2015,False,False,False,False,True,False,False,False,False,True,False,False,True
19719.2,105618,2017,False,False,False,False,True,True,False,False,False,False,False,False,True
27307.55,73851,2011,False,False,False,False,True,False,False,False,False,True,False,False,True
17165.25,56697,2022,False,False,False,False,True,False,False,False,False,True,False,False,True
16592.75,148147,2018,False,False,False,False,True,False,False,False,False,True,False,False,True
25106.4,57872,2014,False,False,False,False,True,False,False,False,True,False,False,False,True
18321.95,133563,2017,False,False,False,False,True,True,False,False,False,False,False,False,True
18119.9,137604,2017,False,False,False,False,True,True,False,False,False,False,False,False,True
17257.75,94847,2020,False,False,False,False,True,False,False,True,False,False,False,False,True
27105.95,57881,2012,False,False,False,False,True,False,False,False,False,True,False,False,True
29443.4,51134,2010,False,False,False,False,True,True,False,False,False,False,False,False,True
20172.15,136557,2015,False,False,False,False,True,False,False,False,False,True,False,False,True
26436.05,71281,2012,False,False,False,False,True,False,True,False,False,False,False,False,True
18735.85,65285,2020,False,False,False,False,True,True,False,False,False,False,False,False,True
23399.4,132012,2012,False,False,False,False,True,False,False,True,False,False,False,False,True
17493.3,50136,2022,False,False,False,False,True,True,False,False,False,False,False,False,True
25102.85,57943,2014,False,False,False,False,True,False,True,False,False,False,False,False,True
24285.4,134292,2011,False,False,False,False,True,False,True,False,False,False,False,False,True
16882.35,82355,2021,False,False,False,False,True,True,False,False,False,False,False,False,True
25099.8,98006,2012,False,False,False,False,True,False,True,False,False,False,False,False,True
15988.8,140224,2019,False,False,False,False,True,True,False,False,False,False,False,False,True
22276.8,54466,2017,False,False,False,False,True,False,True,False,False,False,False,False,True
28982.85,20345,2012,False,False,False,False,True,False,True,False,False,False,False,False,True
24969.15,120615,2011,False,False,False,False,True,False,True,False,False,False,False,False,True
16657.25,66857,2022,False,False,False,False,True,True,False,False,False,False,False,False,True
18789.05,64221,2020,False,False,False,False,True,False,True,False,False,False,False,False,True
26310.85,33785,2014,False,False,False,False,True,False,True,False,False,False,False,False,True
25120.35,97595,2012,False,False,False,False,True,False,False,False,True,False,False,False,True
19868.85,42621,2020,False,False,False,False,True,True,False,False,False,False,False,False,True
25554.75,108907,2011,False,False,False,False,True,False,True,False,False,False,False,False,True
21808.8,63826,2017,False,False,False,False,True,False,False,True,False,False,False,False,True
25853.8,102926,2011,False,False,False,False,True,False,False,True,False,False,False,False,True
17665.15,46699,2022,False,False,False,False,True,False,False,True,False,False,False,False,True
28321.35,53575,2011,False,False,False,False,True,False,False,True,False,False,False,False,True
15483.95,110323,2021,False,False,False,False,True,False,False,False,True,False,False,False,True
13947.95,121039,2022,False,False,False,False,True,False,True,False,False,False,False,False,True
23807.85,23845,2017,False,False,False,False,True,True,False,False,False,False,False,False,True
23427.55,51451,2016,False,False,False,False,True,False,False,False,True,False,False,False,True
31414.9,11704,2010,False,False,False,False,True,False,False,False,False,True,False,False,True
27321.1,13578,2014,False,False,False,False,True,False,False,False,False,True,True,False,False
27426.6,11470,2014,False,False,False,False,True,True,False,False,False,False,True,False,False
17365.45,112693,2019,False,False,False,False,True,True,False,False,False,False,True,False,False
26005.0,79902,2012,False,False,False,False,True,False,False,False,False,True,True,False,False
24351.3,72976,2014,False,False,False,False,True,False,False,False,True,False,True,False,False
21722.15,65559,2017,False,False,False,False,True,False,False,False,True,False,True,False,False
15400.4,131994,2020,False,False,False,False,True,False,False,True,False,False,True,False,False
25805.7,123884,2010,False,False,False,False,True,False,False,False,True,False,True,False,False
19159.15,36817,2021,False,False,False,False,True,True,False,False,False,False,True,False,False
22756.1,44880,2017,False,False,False,False,True,True,False,False,False,False,True,False,False
19272.9,54542,2020,False,False,False,False,True,False,False,False,False,True,True,False,False
24762.45,144751,2010,False,False,False,False,True,False,False,False,True,False,True,False,False
19949.9,101000,2017,False,False,False,False,True,False,False,False,True,False,True,False,False
23028.65,119427,2013,False,False,False,False,True,True,False,False,False,False,True,False,False
23669.0,146622,2011,False,False,False,False,True,False,False,False,False,True,True,False,False
21811.4,43774,2018,False,False,False,False,True,True,False,False,False,False,True,False,False
28880.45,22391,2012,False,False,False,False,True,False,False,False,False,True,True,False,False
23900.95,121983,2012,False,False,False,False,True,True,False,False,False,False,True,False,False
17198.45,116033,2019,False,False,False,False,True,False,True,False,False,False,True,False,False
19068.3,78634,2019,False,False,False,False,True,False,False,False,True,False,True,False,False
20655.9,66884,2018,False,False,False,False,True,False,False,True,False,False,True,False,False
21606.4,67872,2017,False,False,False,False,True,False,False,True,False,False,True,False,False
19978.05,60439,2019,False,False,False,False,True,False,False,False,False,True,True,False,False
20609.4,127814,2015,False,False,False,False,True,False,False,True,False,False,True,False,False
19796.6,44070,2020,False,False,False,False,True,False,False,False,True,False,True,False,False
26400.9,111984,2010,False,False,False,False,True,False,False,False,True,False,True,False,False
25269.4,14614,2016,False,False,False,False,True,False,False,True,False,False,True,False,False
23549.05,129019,2012,False,False,False,False,True,False,False,False,True,False,True,False,False
25799.1,24020,2015,False,False,False,False,True,False,True,False,False,False,True,False,False
23777.1,144456,2011,False,False,False,False,True,False,True,False,False,False,True,False,False
13775.2,144496,2021,False,False,False,False,True,False,True,False,False,False,True,False,False
23181.35,76373,2015,False,False,False,False,True,True,False,False,False,False,True,False,False
13017.55,139651,2022,False,False,False,False,True,False,False,True,False,False,True,False,False
22713.45,145731,2012,False,False,False,False,True,True,False,False,False,False,True,False,False
25322.95,93543,2012,False,False,False,False,True,False,False,False,False,True,True,False,False
19163.35,96735,2018,False,False,False,False,True,False,False,False,False,True,True,False,False
20322.1,133560,2015,False,False,False,False,True,False,False,False,False,True,True,False,False
20390.0,12202,2021,False,False,False,False,True,False,False,True,False,False,True,False,False
14521.85,129563,2021,False,False,False,False,True,True,False,False,False,False,True,False,False
21202.0,35960,2019,False,False,False,False,True,True,False,False,False,False,True,False,False
19633.7,127326,2016,False,False,False,False,True,False,True,False,False,False,True,False,False
16387.2,132258,2019,False,False,False,False,True,False,True,False,False,False,True,False,False
16372.65,132549,2019,False,False,False,False,True,False,False,False,False,True,True,False,False
27583.75,68325,2011,False,False,False,False,True,False,False,True,False,False,True,False,False
15716.45,105673,2021,False,False,False,False,True,False,True,False,False,False,True,False,False
16673.95,126523,2019,False,False,False,False,True,False,False,True,False,False,True,False,False
22087.05,118261,2014,False,False,False,False,True,False,False,False,False,True,True,False,False
20147.45,37051,2020,False,False,False,False,True,True,False,False,False,False,True,False,False
21023.55,59531,2018,False,False,False,False,True,False,False,True,False,False,True,False,False
18880.35,42395,2021,False,False,False,False,True,False,False,False,False,True,True,False,False
20521.6,149570,2014,False,False,False,False,True,False,True,False,False,False,True,False,False
15943.75,121125,2020,False,False,False,False,True,True,False,False,False,False,True,False,False
29491.8,30166,2011,False,False,False,False,True,True,False,False,False,False,True,False,False
20094.7,18104,2021,False,False,False,False,True,False,False,False,True,False,True,False,False
21437.8,31246,2019,False,False,False,False,True,False,True,False,False,False,True,False,False
29016.7,59668,2010,False,False,False,False,True,False,False,True,False,False,True,False,False
25764.85,124705,2010,False,False,False,False,True,False,True,False,False,False,True,False,False
15767.75,144647,2019,False,False,False,False,True,False,True,False,False,False,True,False,False
26711.85,105765,2010,False,False,False,False,True,False,False,True,False,False,True,False,False
25356.65,12869,2016,False,False,False,False,True,True,False,False,False,False,True,False,False
20621.65,87569,2017,False,False,False,False,True,False,True,False,False,False,True,False,False
16092.2,98158,2021,False,False,False,False,True,False,False,True,False,False,True,False,False
26613.55,87729,2011,False,False,False,False,True,False,False,False,True,False,True,False,False
22043.55,119129,2014,False,False,False,False,True,True,False,False,False,False,True,False,False
21896.35,42073,2018,False,False,False,False,True,False,False,True,False,False,True,False,False
30510.55,29791,2010,False,False,False,False,True,True,False,False,False,False,True,False,False
23746.9,65064,2015,False,False,False,False,True,True,False,False,False,False,True,False,False
24518.9,49624,2015,False,False,False,False,True,False,False,False,True,False,True,False,False
13729.85,125405,2022,False,False,False,False,True,False,False,False,False,True,True,False,False
28461.35,70775,2010,False,False,False,False,True,True,False,False,False,False,True,False,False
24385.7,12288,2017,False,False,False,False,True,False,False,False,False,True,True,False,False
20900.1,82000,2017,False,False,False,False,True,True,False,False,False,False,True,False,False
23832.55,143351,2011,False,False,False,False,True,False,True,False,False,False,True,False,False
22974.55,80511,2015,False,False,False,False,True,False,False,True,False,False,True,False,False
28044.2,39118,2012,False,False,False,False,True,True,False,False,False,False,True,False,False
23045.75,139087,2012,False,False,False,False,True,True,False,False,False,False,True,False,False
21960.25,80795,2016,False,False,False,False,True,False,False,True,False,False,True,False,False
28105.95,57879,2011,False,False,False,False,True,False,True,False,False,False,True,False,False
16647.0,107058,2020,False,False,False,False,True,False,True,False,False,False,True,False,False
23952.7,80948,2014,False,False,False,False,True,True,False,False,False,False,True,False,False
18417.65,131649,2017,False,False,False,False,True,False,False,False,False,True,True,False,False
29649.4,47014,2010,False,False,False,False,True,False,False,False,True,False,True,False,False
24797.4,124052,2011,False,False,False,False,True,False,False,False,False,True,True,False,False
15447.5,111050,2021,False,False,False,False,True,False,False,False,True,False,True,False,False
20586.6,48268,2019,False,False,False,False,True,True,False,False,False,False,True,False,False
15163.45,136729,2020,False,False,False,False,True,False,True,False,False,False,True,False,False
25008.8,139826,2010,False,False,False,False,True,False,True,False,False,False,True,False,False
23854.85,102901,2013,False,False,False,False,True,True,False,False,False,False,True,False,False
19385.45,92293,2018,False,False,False,False,True,False,False,True,False,False,True,False,False
15287.95,134241,2020,False,False,False,False,True,False,False,False,False,True,True,False,False
21042.65,19145,2020,False,False,False,False,True,False,False,True,False,False,True,False,False
18944.8,61104,2020,False,False,False,False,True,False,False,False,True,False,True,False,False
16910.05,101801,2020,False,False,False,False,True,True,False,False,False,False,True,False,False
18865.0,42702,2021,False,False,False,False,True,False,False,False,True,False,True,False,False
12706.9,145864,2022,False,False,False,False,True,False,False,False,True,False,True,False,False
14343.45,133133,2021,False,False,False,False,True,False,False,True,False,False,True,False,False
28433.1,51340,2011,False,False,False,False,True,False,False,False,True,False,True,False,False
24559.0,128818,2011,False,False,False,False,True,False,False,False,True,False,True,False,False
16643.65,87129,2021,False,False,False,False,True,False,False,True,False,False,True,False,False
24753.15,124937,2011,False,False,False,False,True,False,True,False,False,False,True,False,False
14615.45,127693,2021,False,False,False,False,True,False,False,False,True,False,True,False,False
20574.85,48503,2019,False,False,False,False,True,False,True,False,False,False,True,False,False
27735.4,45294,2012,False,False,False,False,True,False,False,True,False,False,True,False,False
23595.45,108091,2013,False,False,False,False,True,True,False,False,False,False,True,False,False
25322.0,113560,2011,False,False,False,False,True,False,False,True,False,False,True,False,False
27946.95,81063,2010,False,False,False,False,True,True,False,False,False,False,True,False,False
14176.85,116465,2022,False,False,False,False,True,False,True,False,False,False,True,False,False
24723.6,145528,2010,False,False,False,False,True,False,True,False,False,False,True,False,False
28536.85,29265,2012,False,False,False,False,True,False,True,False,False,False,True,False,False
31353.95,12923,2010,False,False,False,False,True,False,False,False,True,False,True,False,False
26239.65,115209,2010,False,False,False,False,True,False,False,False,False,True,True,False,False
19663.85,46725,2020,False,False,False,False,True,True,False,False,False,False,True,False,False
22109.35,117813,2014,False,False,False,False,True,True,False,False,False,False,True,False,False
15967.85,140645,2019,False,False,False,False,True,False,False,False,True,False,True,False,False
27963.45,60733,2011,False,False,False,False,True,True,False,False,False,False,True,False,False
27551.85,88965,2010,False,False,False,False,True,False,True,False,False,False,True,False,False
26500.2,49994,2013,False,False,False,False,True,False,False,True,False,False,True,False,False
16237.4,75254,2022,False,False,False,False,True,True,False,False,False,False,True,False,False
26252.95,54943,2013,False,False,False,False,True,False,False,False,False,True,True,False,False
25331.8,73364,2013,False,False,False,False,True,False,False,True,False,False,True,False,False
28497.45,70053,2010,False,False,False,False,True,False,False,False,False,True,True,False,False
22636.95,107263,2014,False,False,False,False,True,True,False,False,False,False,True,False,False
19789.25,64217,2019,False,False,False,False,True,True,False,False,False,False,True,False,False
22632.7,27348,2018,False,False,False,False,True,True,False,False,False,False,True,False,False
23179.75,136407,2012,False,False,False,False,True,False,True,False,False,False,True,False,False
21613.2,127738,2014,False,False,False,False,True,False,True,False,False,False,True,False,False
